Col.,Row,Wood Type ,Clone,Along lean dia (mm),Across lean dia (mm),Green AV (km/s),Green mass (grms),Green vol. (grms),Green   LD     (mm),Green curve (mm),Remarks,Dry AV (km/s),Dry mass (grms),Dry vol. (grms),Dry LD     (mm),Dry curve (mm),,Moisture content (%),Green density (kg/m3),Dry density (kg/m3),Basic density (kg/m3),Green MOE (Gpa),Dry MOE (Gpa),Lon. Shr. (%),Vol. shr. (%),,,Green av,Dry Av,Moisture content (%),Green density (kg/m3),Dry density (kg/m3),Basic density (kg/m3),Green MOE (Gpa),Dry MOE (Gpa),Lon. Shr. (%),Vol. shr. (%)
A,1,N,43,42.5,45.5,1.34,32.51,30.42,8.89,7.09,,3.03,8.73,24.08,7.49,6.81,,272,1069,363,287,1.92,3.33,1.28,20.84,,,,,,,,,,,,
A,2,N,37,42.3,40.7,1.2,27.56,26.2,9.29,5.81,,2.73,8.64,22.04,7.58,6.61,,219,1052,392,330,1.51,2.92,1.59,15.88,,max,1.64,3.3,296,1126,462,407,2.87,4.49,3.02,23.63
A,3,N,12,34.7,33.4,1.2,15.76,15.55,9.03,6.69,,2.65,5.21,13.34,7.33,8.34,,202,1014,391,335,1.46,2.74,1.72,14.21,,min,1.01,2.31,162,938,333,266,1.02,1.97,0.41,10.60
A,4,N,30,37.9,35.5,1.2,18.71,19.83,9.33,4.58,,2.58,6.3,17,7.66,5.68,,197,944,371,318,1.36,2.47,1.59,14.27,,av,1.29,2.83,215,1052,393,335,1.75,3.15,1.29,14.83
A,5,N,18,36.3,44.4,1.32,23.41,21.91,9.21,6.18,,2.75,8.05,18.69,7.67,7.25,,191,1068,431,367,1.86,3.26,1.47,14.70,,sd,0.10,0.17,18.44,28.77,19.42,19.16,0.27,0.42,0.40,2.06
A,6,N,31,,,1.51,22.95,21.4,10.22,9.38,,3.3,6.93,18.65,9.49,9.32,,231,1072,372,324,2.45,4.05,0.66,12.85,,cov(%),7.6,6.1,8.6,2.7,4.9,5.7,15.6,13.3,30.8,13.9
A,7,N,28,33.9,32.7,1.17,15.12,14.85,8.74,7.09,,2.61,4.75,12.84,6.89,7.57,,218,1018,370,320,1.39,2.52,1.71,13.54,,,,,,,,,,,,
A,8,N,24,35.9,33.4,1.3,19.89,18.85,8.51,7.9,,2.8,6.59,16.31,6.77,9.34,,202,1055,404,350,1.78,3.17,1.74,13.47,,,,,,,,,,,,
A,9,N,18,34.8,37.7,1.28,15.52,14.73,8.95,2.78,,2.69,5.18,12.78,7.55,3.72,,200,1054,405,352,1.73,2.93,1.33,13.24,,,,,,,,,,,,
A,10,N,15,37.9,39.9,1.28,21.5,20.06,8,3.72,,2.79,6.77,17.14,6.93,3.86,,218,1072,395,337,1.76,3.07,0.99,14.56,,,,,,,,,,,,
A,11,N,31,43.4,42.7,1.3,22.41,21.34,9.24,3.37,,2.88,7.34,18.15,8.06,2.1,,205,1050,404,344,1.77,3.35,1.17,14.95,,,,,,,,,,,,
A,12,N,17,37.4,38.5,1.28,21.35,20.54,8.55,5.78,,2.71,7.42,17.59,7.11,6.94,,188,1039,422,361,1.70,3.10,1.41,14.36,,,,,,,,,,,,
A,13,N,23,39.5,38.5,1.17,20.51,19.25,8.79,2.44,,2.59,6.6,16.44,7.39,3.17,,211,1065,401,343,1.46,2.69,1.31,14.60,,,,,,,,,,,,
A,14,N,19,31.7,34.1,1.34,16.27,16.55,10.32,7.59,,2.86,5.38,14.12,8.79,8.39,,202,983,381,325,1.77,3.12,1.41,14.68,,,,,,,,,,,,
A,15,N,43,34.7,36,1.43,20.45,19.34,7.52,8.56,,3.12,6.01,16.32,5.46,8.52,,240,1057,368,311,2.16,3.58,1.91,15.62,,,,,,,,,,,,
A,16,N,36,38.6,36.1,1.26,16.09,16.27,9.76,8.51,,2.7,5.84,13.98,7.86,8.97,,176,989,418,359,1.57,3.05,1.73,14.07,
A,17,N,17,40.5,41.3,1.28,25.11,23.64,8.6,5.61,,2.75,8.29,20.07,7.03,5.52,,203,1062,413,351,1.74,3.12,1.44,15.10,
A,18,N,13,27.4,21.4,1.07,8.74,9.25,8.79,7.1,,2.35,3,8.13,6.61,6.31,,191,945,369,324,1.08,2.04,2.04,12.11,
A,19,N,30,35.9,33.3,1.01,16.1,16.11,8.89,3.28,,2.31,5.01,13.55,7.12,4.25,,221,999,370,311,1.02,1.97,1.68,15.89,
A,20,N,12,37,36.2,1.19,17.77,16.84,7.5,2.82,,2.63,5.67,13.98,6,2.33,,213,1055,406,337,1.49,2.81,1.41,16.98,
A,21,N,43,44.7,46.6,1.36,23.82,22.58,8.14,8.74,,2.93,7.52,19.13,6.13,7.83,,217,1055,393,333,1.95,3.37,1.91,15.28,
A,22,N,45,41.5,43.5,1.19,26.41,25.33,8.84,5.46,,2.59,8.76,21.81,7.19,5.94,,201,1043,402,346,1.48,2.69,1.52,13.90,
A,23,N,38,35.1,35.2,1.19,11.97,11.73,8.14,7.81,,2.54,4.21,10.35,5.69,9.04,,184,1020,407,359,1.45,2.62,2.38,11.76,
A,24,N,19,37.2,41.5,1.24,21.41,20.48,8.19,6.27,,2.7,6.61,17.17,6.72,7.13,,224,1045,385,323,1.61,2.81,1.40,16.16,
A,25,N,17,,,,,,,,missing,,,,,,,,,,,,,,,
A,26,N,31,43.2,42.8,1.34,23.15,21.37,8.73,4.93,,2.86,7.71,18.47,7.38,5.22,,200,1083,417,361,1.95,3.41,1.24,13.57,
A,27,N,19,36.6,35.5,1.32,17.67,17.3,7.34,9.35,,2.97,5.54,14.66,5.47,9.23,,219,1021,378,320,1.78,3.33,1.73,15.26,
A,28,N,15,36,37.3,1.4,22,20.44,7.97,4.52,,2.87,7.43,17.83,6.58,6.38,,196,1076,417,364,2.11,3.43,1.53,12.77,
A,29,N,43,38.9,40.3,1.42,23.46,22,7.91,9.31,,3.06,7.27,17.7,6.09,9.33,,223,1066,411,330,2.15,3.85,1.68,19.55,
A,30,N,38,40.5,40.7,1.34,23.7,22,7.94,6.98,,2.78,7.94,18.95,6.44,8,,198,1077,419,361,1.93,3.24,1.46,13.86,
A,31,N,38,38.6,39.5,1.32,19.68,18.45,5.92,8.11,,2.82,6.53,15.85,4.26,9.37,,201,1067,412,354,1.86,3.28,1.74,14.09,
A,32,N,43,40.7,40,1.4,30.92,29.84,8,8,,2.93,10.31,25.18,6.31,8.21,,200,1036,409,346,2.03,3.52,1.56,15.62,
A,33,N,34,37,35.7,1.36,19.4,18.43,7.85,9.28,,3.23,6.03,15.46,6.15,9.38,,222,1053,390,327,1.95,4.07,1.57,16.12,
A,34,N,24,40.2,35.9,1.15,22.69,21.3,9.59,5.83,,2.59,7.41,18.32,7.68,6.31,,206,1065,404,348,1.41,2.71,1.75,13.99,
A,35,N,15,42.8,43.8,1.4,35.29,33.29,7.7,7.03,,2.96,11.43,28.48,6.37,7.19,,209,1060,401,343,2.08,3.52,1.23,14.45,
B,1,N,18,33.4,33.1,1.43,16.83,15.84,10.96,9.23,,3.05,5.65,13.81,9.68,9.34,,198,1063,409,357,2.17,3.81,1.15,12.82,
B,2,N,34,34.4,32.5,1.36,17.61,16.66,7.88,7.33,,2.94,5.75,14.54,6.46,7.86,,206,1057,395,345,1.96,3.42,1.33,12.73,
B,3,N,19,36.3,33.3,1.26,17.08,16.39,8.31,6.42,,2.76,5.22,13.98,7.49,8.05,,227,1042,373,318,1.65,2.84,0.92,14.70,
B,4,N,12,39,33.7,1.36,20.12,19.07,7.19,9.13,,2.96,6.65,16.4,5.63,8.94,,203,1055,405,349,1.95,3.55,1.45,14.00,
B,5,N,45,40.1,39.3,1.26,23.17,22.4,8.38,6.31,,2.7,7.65,19.63,7.29,7.94,,203,1034,390,342,1.64,2.84,1.17,12.37,
B,6,N,41,40.8,41.9,1.32,25.57,24.51,8.16,6.58,,2.9,8.11,20.21,7.25,6.81,,215,1043,401,331,1.82,3.37,0.84,17.54,
B,7,N,13,37.3,39,1.2,17.77,16.55,8.12,3.89,,2.69,5.52,14.24,7.4,3.95,,222,1074,388,334,1.55,2.81,0.66,13.96,
B,8,N,15,38.3,39.6,1.47,20.08,19.08,7.84,6.36,,3.09,6.53,16.74,7.33,6.93,,208,1052,390,342,2.27,3.72,0.49,12.26,
B,9,N,12,31.3,29.5,1.28,12.28,11.61,8.61,5.61,,2.82,3.64,9.47,7.85,6.36,,237,1058,384,314,1.73,3.06,0.73,18.43,
B,10,N,43,38.9,36.2,1.34,18.57,17.95,8.4,7.83,,2.99,5.42,15.09,7.77,8.12,,243,1035,359,302,1.86,3.21,0.58,15.93,
B,11,N,15,35.4,41.3,1.3,23.71,22.12,8.07,5.42,,2.86,7.36,18.9,7.52,6.15,,222,1072,389,333,1.81,3.19,0.54,14.56,
B,12,N,28,39.1,39.7,1.36,15.49,15,8.21,9.17,,3.09,4.75,12.7,6.03,9.23,,226,1033,374,317,1.91,3.57,2.00,15.33,
B,13,N,18,39.4,38.1,1.43,17.25,17.1,7.12,6.96,,2.93,6.06,15.05,6.46,8.41,,185,1009,403,354,2.06,3.46,0.77,11.99,
B,14,N,31,42.1,41.5,1.43,22.97,21.55,8.16,7.43,,3.05,7.59,18.78,7.52,8.11,,203,1066,404,352,2.18,3.76,0.62,12.85,
B,15,N,30,39.1,36.8,1.22,20.77,21.58,8.16,7.98,,2.72,6.73,18.97,7.15,9.3,,209,962,355,312,1.43,2.62,1.04,12.09,
B,16,N,30,34.2,33.8,1.13,13.23,13.87,8.03,6.92,,2.57,4.01,11.9,6.86,7.76,,230,954,337,289,1.22,2.23,1.12,14.20,
B,17,N,23,38.5,39.9,1.09,20.13,19.64,8.07,4.04,,2.39,6.84,16.76,6.72,6.3,,194,1025,408,348,1.22,2.33,1.60,14.66,
B,18,N,12,33.7,32.9,1.34,18.33,17.22,7.21,5.17,,2.96,5.55,14.6,6.58,7.28,,230,1064,380,322,1.91,3.33,0.91,15.21,
B,19,N,38,37.9,37,1.24,16.18,16.12,8.99,7.5,,2.71,5.43,13.6,7.86,8.77,,198,1004,399,337,1.54,2.93,1.13,15.63,
B,20,N,31,42.8,45.5,1.47,24.88,23.45,9.44,6.96,,3.02,8.23,20.25,8.37,7.49,,202,1061,406,351,2.29,3.71,0.99,13.65,
B,21,N,28,34.3,30.6,1.13,11.97,12.1,8.72,3.26,,2.46,3.86,10.54,7.85,3.91,,210,989,366,319,1.26,2.22,0.82,12.89,
B,22,N,23,40.2,43.4,1.07,24,23.08,7.43,3.9,,2.49,7.62,18.94,6.08,5.78,,215,1040,402,330,1.19,2.49,1.53,17.94,
B,23,N,18,35.8,39.1,1.36,13.15,13.1,8.23,7.08,,2.82,4.7,11.54,7.63,7.25,,180,1004,407,359,1.86,3.24,0.55,11.91,
B,24,N,45,41.8,43.4,1.15,24.55,23.69,8.12,6.09,,2.61,7.61,20.47,6.82,5.93,,223,1036,372,321,1.37,2.53,1.20,13.59,
B,25,N,30,35,30.7,1.13,14.99,15.04,8.5,6.15,,2.53,4.62,13.21,7.3,7.02,,224,997,350,307,1.27,2.24,1.15,12.17,
B,26,N,13,35.9,34.9,1.22,12.51,11.85,8.27,6.13,,2.84,3.67,10.03,7.68,7.27,,241,1056,366,310,1.57,2.95,0.62,15.36,
B,27,N,17,37.1,36.8,1.38,18.02,17.89,8.12,4.74,,2.83,6.34,15.54,7.26,6.32,,184,1007,408,354,1.92,3.27,0.95,13.14,
B,28,N,34,33.2,30.7,1.34,16.18,15.73,7.95,7.96,,2.94,5.02,13.63,7.17,8.88,,222,1029,368,319,1.85,3.18,0.77,13.35,
B,29,N,25,39,43.2,1.38,19.83,18.62,7.93,5.25,,2.94,6.44,15.77,7.16,5,,208,1065,408,346,2.03,3.53,0.71,15.31,
B,30,N,45,39.7,38,1.09,20.91,20.02,8.37,5.05,,2.48,6.77,17.31,7.07,5.2,,209,1044,391,338,1.24,2.41,1.19,13.54,
B,31,N,23,40.6,42.4,1.26,25.07,24.62,7.72,6.93,,2.72,8.53,21.47,6.23,8.27,,194,1018,397,346,1.62,2.94,1.51,12.79,
B,32,N,36,38.8,33.7,1.34,16.4,16.27,7.84,7.79,,2.86,5.66,14.15,6.92,7.87,,190,1008,400,348,1.81,3.27,0.85,13.03,
B,33,N,41,41.6,42.8,1.38,24.6,23.33,6.23,8.68,,3.04,7.43,19.05,5.3,8.68,,231,1054,390,318,2.01,3.60,0.87,18.35,
B,34,N,19,27.7,30,1.26,12.54,12.95,7.94,7.86,,2.68,4.23,11.3,6.83,8.27,,196,968,374,327,1.54,2.69,1.03,12.74,
B,35,N,20,39.8,43.3,1.17,22.71,21.05,7.71,4.42,,2.66,7.8,18.38,5.92,4.8,,191,1079,424,371,1.48,3.00,1.66,12.68,
C,1,N,19,36.9,33.9,1.22,23.17,21.64,11.46,5.22,,2.75,6.52,18,10.55,5.13,,255,1071,362,301,1.59,2.74,0.81,16.82,
C,2,N,38,35,31.4,1.36,21.89,20.09,10.69,7.59,,2.88,6.8,17.52,9.67,8.75,,222,1090,388,338,2.02,3.22,0.98,12.79,
C,3,N,28,43.3,38.7,1.28,26.51,24.41,11.12,1.49,,2.73,8.74,21.37,10.24,2.69,,203,1086,409,358,1.78,3.05,0.85,12.45,
C,4,N,28,38.2,43.2,1.26,27.11,25.26,11.46,8.9,,2.9,7.76,21.53,10.2,9.05,,249,1073,360,307,1.70,3.03,1.13,14.77,
C,5,N,30,31.4,27,1.24,12,11.21,10.19,9.38,,2.88,3.49,9.5,7.87,9.44,,244,1070,367,311,1.65,3.05,2.09,15.25,
C,6,N,18,37.2,34.4,1.28,18.41,17.08,12.37,7.23,,2.78,5.95,14.3,11.18,8.33,,209,1078,416,348,1.77,3.22,1.10,16.28,
C,7,N,12,34.1,34,1.19,19.55,18.16,10.25,6.57,,2.63,6.14,15.5,8.97,7.69,,218,1077,396,338,1.52,2.74,1.22,14.65,
C,8,N,13,37.9,39.1,1.3,17,15.76,11.27,5.64,,2.88,4.98,13.12,10.64,6.41,,241,1079,380,316,1.82,3.15,0.59,16.75,
C,9,N,36,38.3,33.7,1.13,14.7,13.92,11.23,6.38,,2.5,4.76,12.12,10.16,6.7,,209,1056,393,342,1.35,2.45,0.96,12.93,
C,10,N,37,41.3,39.2,1.36,21.36,19.61,11.33,6.93,,2.92,6.85,17.1,10.63,7.36,,212,1089,401,349,2.01,3.42,0.63,12.80,
C,11,N,38,41.8,43.7,1.24,27.02,25.16,10.78,6.81,,2.8,8.35,21.3,9.4,8.68,,224,1074,392,332,1.65,3.07,1.41,15.34,
C,12,N,38,36.8,37.4,1.24,19.87,18.23,10.98,5.3,,2.71,6.25,15.49,10.14,4.78,,218,1090,403,343,1.68,2.96,0.76,15.03,
C,13,N,13,30,30.3,1.09,11.76,10.84,9.8,6.57,,2.43,3.64,9.19,8.38,8.06,,223,1085,396,336,1.29,2.34,1.41,15.22,
C,14,N,28,41.2,40.4,1.24,23.83,22.9,10.61,5.45,,2.68,7.39,19.54,9.46,6.64,,222,1041,378,323,1.60,2.72,1.10,14.67,
C,15,N,24,39.6,34.8,1.26,19.59,18.25,10.32,6.53,,2.78,6.24,15.76,9.46,7.33,,214,1073,396,342,1.70,3.06,0.81,13.64,
C,16,N,23,39.8,37.9,1.24,19.88,18.77,11.05,2.47,,2.69,6.59,16.03,10.1,3.7,,202,1059,411,351,1.63,2.97,0.92,14.60,
C,17,N,25,38.3,40.4,1.49,17.26,15.93,10.66,6.54,,3.12,5.73,13.65,9.92,6.69,,201,1083,420,360,2.41,4.09,0.67,14.31,
C,18,N,36,36.3,33.1,1.42,25.55,24.45,10.8,9.29,,3,8.52,21.44,9.06,9.23,,200,1045,397,348,2.11,3.58,1.56,12.31,
C,19,N,31,39.3,36.9,1.47,23.34,21.43,10.23,4.99,,3.03,8,18.18,9.6,4.9,,192,1089,440,373,2.35,4.04,0.57,15.17,
C,20,N,13,37.7,35.4,1.19,24.05,22.26,10.52,8.55,,2.63,7.58,19.06,8.74,9.22,,217,1080,398,341,1.53,2.75,1.63,14.38,
C,21,N,41,42,46.5,1.3,31.11,28.83,10.5,7.1,,2.82,9.16,23.7,9.42,6.76,,240,1079,386,318,1.82,3.07,0.98,17.79,
C,22,N,12,33.2,33.1,1.22,16.99,15.89,9.85,7.46,,2.7,5.32,13.3,8.58,8.09,,219,1069,400,335,1.59,2.92,1.17,16.30,
C,23,N,30,41.7,39.2,1.17,19.01,18.18,10.1,8.36,,2.76,5.29,15.41,8.76,8.19,,259,1046,343,291,1.43,2.61,1.21,15.24,
C,24,N,23,38.6,40,1.2,20.11,18.63,10.82,4.11,,2.61,6.71,15.63,9.83,5.09,,200,1079,429,360,1.55,2.92,0.93,16.10,
C,25,N,18,38.3,40.5,1.32,19.41,18.17,11.17,6.65,,2.91,6.56,15.5,10.31,8.05,,196,1068,423,361,1.86,3.58,0.85,14.69,
C,26,N,12,30,29,1.17,16.42,15.26,9.85,5.6,,2.53,5.26,13.25,8.57,6.51,,212,1076,397,345,1.47,2.54,1.20,13.17,
C,27,N,28,35.3,38.3,1.19,21.31,19.86,10.71,7.42,,2.59,6.88,16.95,8.53,8.49,,210,1073,406,346,1.52,2.72,2.02,14.65,
C,28,N,12,33.9,32.3,1.3,14.73,13.66,11.14,6.79,,2.84,4.38,11.59,10.34,8.2,,236,1078,378,321,1.82,3.05,0.80,15.15,
C,29,N,17,39.3,36.9,1.19,19.92,18.38,10.63,3,,2.65,6.25,15.6,9.62,2.95,,219,1084,401,340,1.53,2.81,0.91,15.13,
C,30,N,23,40,36.4,1.19,21.8,20.4,10.11,6.42,,2.68,6.85,16.8,8.33,8.49,,218,1069,408,336,1.51,2.93,1.84,17.65,
C,31,N,12,36.9,35.2,1.36,16.57,15.5,9.85,5.29,,2.85,5.03,13.26,8.9,6.89,,229,1069,379,325,1.98,3.08,0.99,14.45,
C,32,N,20,39.3,35.8,1.3,18.4,17.06,9.44,9.09,,2.83,5.97,14.48,8.48,9.24,,208,1079,412,350,1.82,3.30,0.87,15.12,
C,33,N,28,32.9,38.3,1.32,17.81,16.53,9.82,9.17,,2.89,5.32,14.03,8.79,9.18,,235,1077,379,322,1.88,3.17,0.93,15.12,
C,34,N,38,41.2,41.3,1.11,21.77,19.91,10.15,6.58,,2.62,6.42,16.64,9.38,5.96,,239,1093,386,322,1.35,2.65,0.71,16.42,
C,35,N,41,40.4,37.9,1.32,28.5,26.4,10.68,9.01,,2.87,9,22.03,9.34,9.2,,217,1080,409,341,1.88,3.37,1.21,16.55,
D,1,N,28,39.9,40.1,1.26,24.04,23.54,8.78,9.29,,2.81,7.61,20.3,7.19,9.39,,216,1021,375,323,1.62,2.96,1.45,13.76,
D,2,N,15,40.5,39.8,1.34,28.59,27.25,9.34,9.19,,2.93,9.13,23.8,7.3,9.37,,213,1049,384,335,1.88,3.29,1.86,12.66,
D,3,N,38,43.1,35,1.24,18.38,17.36,7.99,6.96,,2.74,6.05,15.03,6.69,8.98,,204,1059,403,349,1.63,3.02,1.48,13.42,
D,4,N,17,41.3,43.7,1.32,30.02,29.34,8.53,7.98,,2.9,9.6,24.87,7.42,8.78,,213,1023,386,327,1.78,3.25,1.06,15.24,
D,5,N,23,41.1,43.3,1.24,20,18.97,8.73,7.79,,2.82,6.57,15.85,7.61,9.42,,204,1054,415,346,1.62,3.30,1.19,16.45,
D,6,N,24,41.2,39.7,1.36,22.38,21.01,9.9,9.09,,2.96,7.13,18.21,8.59,9.31,,214,1065,392,339,1.97,3.43,1.19,13.33,
D,7,N,23,39.7,36.8,1.2,18.41,17.44,6.06,7.47,,2.75,5.73,14.82,4.3,9.35,,221,1056,387,329,1.52,2.92,2.06,15.02,
D,8,N,37,45.4,45.1,1.42,29.08,27.77,8.01,9.36,,2.98,9.4,23.52,6.62,9.41,,209,1047,400,338,2.11,3.55,1.28,15.30,
D,9,N,13,34.1,32.4,1.28,14.54,13.74,8.51,6.92,,2.84,4.4,11.9,7.56,8.09,,230,1058,370,320,1.73,2.98,0.95,13.39,
D,10,N,28,37.1,39.3,1.34,16.47,16.41,9.43,9.24,,2.92,5.5,14.39,7.33,9.3,,199,1004,382,335,1.80,3.26,1.91,12.31,
D,11,N,36,40.3,33.1,1.3,15.6,15.42,8.92,6.76,,2.78,5.29,13.47,8.12,7.61,,195,1012,393,343,1.71,3.04,0.77,12.65,
D,12,N,36,37.1,37.1,1.3,15.24,15.26,9.58,8.35,,2.84,5.14,12.96,8.85,9.46,,196,999,397,337,1.69,3.20,0.73,15.07,
D,13,N,41,33.4,36.5,1.32,23.1,21.52,8.3,8.34,,2.9,7.14,17.52,7.32,8.55,,224,1073,408,332,1.87,3.43,0.90,18.59,
D,14,N,37,40.7,41.2,1.59,21.87,20.48,8.79,9.25,,3.28,7.09,17.45,6.67,9.37,,208,1068,406,346,2.70,4.37,1.94,14.79,
D,15,N,41,42.6,43.1,1.26,25.07,23.42,10.2,9,,2.89,7.04,19.8,8.95,9.3,,256,1070,356,301,1.70,2.97,1.13,15.46,
D,16,N,38,30.2,36.2,1.3,18.54,17.41,8.47,8.12,,2.81,5.92,14.96,7.33,9.26,,213,1065,396,340,1.80,3.12,1.13,14.07,
D,17,N,31,46.7,49.2,1.43,36.82,34.4,7.92,9.15,,3.14,11.33,29.68,7.07,9.34,,225,1070,382,329,2.19,3.76,0.79,13.72,
D,18,N,34,23.3,20.8,1.24,12.87,12.2,8.23,8.02,,2.59,4.36,10.59,6.62,9.34,,195,1055,412,357,1.62,2.76,1.60,13.20,
D,19,N,19,33.7,32.6,1.4,18.44,17.69,6.55,8.22,,3.08,5.8,15.02,5.26,9.11,,218,1042,386,328,2.04,3.66,1.27,15.09,
D,20,N,43,39.6,41.8,1.42,23.24,22.19,8.54,6.62,,3.01,7.74,19.09,7.72,7.64,,200,1047,405,349,2.11,3.67,0.81,13.97,
D,21,N,20,38,38.2,1.3,17.92,17.05,8.6,8.7,,2.79,5.93,14.66,7.05,9.38,,202,1051,405,348,1.78,3.15,1.45,14.02,
D,22,N,37,41.4,42.2,1.26,20.2,19.02,8.26,5.25,,2.78,6.31,15.83,7.05,5.58,,220,1062,399,332,1.69,3.08,1.12,16.77,
D,23,N,31,42.4,40.3,1.34,17.71,16.65,9.05,3.77,,2.81,5.95,14.72,8.48,3.99,,198,1064,404,357,1.91,3.19,0.52,11.59,
D,24,N,41,44.6,47.4,1.38,34.53,32.27,11.13,7.54,,2.98,11.07,26.9,10.23,7.71,,212,1070,412,343,2.04,3.65,0.81,16.64,
D,25,N,34,30.4,25.9,1.24,12.53,11.79,7.66,4.9,,2.67,4.02,10.34,6.46,5.84,,212,1063,389,341,1.63,2.77,1.17,12.30,
D,26,N,37,39.4,32.9,1.15,18.74,17.39,9.82,6.02,,2.44,6.08,14.82,8.35,7.57,,208,1078,410,350,1.43,2.44,1.46,14.78,
D,27,N,18,39.2,42.4,1.34,20.86,20.9,8.85,7.18,,2.78,7.52,18.44,7.89,7.89,,177,998,408,360,1.79,3.15,0.91,11.77,
D,28,N,17,39.4,42.8,1.42,25.11,24.86,9.39,8.79,,2.95,8.82,21.81,8.25,9.32,,185,1010,404,355,2.04,3.52,1.05,12.27,
D,29,N,31,38.4,33.9,1.61,18.91,17.57,7.25,7.25,,3.28,5.85,14.96,6.33,9.49,,223,1076,391,333,2.79,4.21,1.23,14.85,
D,30,N,31,43.4,43.9,1.4,24.97,23.33,7.79,6.43,,2.91,7.6,19.4,7.03,6.23,,229,1070,392,326,2.10,3.32,0.70,16.85,
D,31,N,37,41.5,41.6,1.28,18.93,17.74,8.1,5.45,,2.8,6.17,15.03,7.38,6.34,,207,1067,411,348,1.75,3.22,0.71,15.28,
D,32,N,30,40.7,39.1,1.17,22.23,22.36,9.25,9.11,,2.72,6.42,18.92,7.75,9.24,,246,994,339,287,1.36,2.51,1.37,15.38,
D,33,N,38,25.8,20.6,1.42,12.45,11.57,9.06,8.29,,2.88,4.71,10.2,6.66,8.4,,164,1076,462,407,2.17,3.83,2.19,11.84,
D,34,N,23,33.6,39.4,1.22,21.65,20.96,7.72,9.32,,2.75,7.01,17.51,5.76,9.29,,209,1033,400,334,1.54,3.03,1.81,16.46,
D,35,N,18,38.7,42.5,1.43,25.31,24.02,7.22,6.64,,2.96,8.57,20.9,6.23,8.62,,195,1054,410,357,2.15,3.59,1.22,12.99,
E,1,N,12,32.5,33.2,1.15,13.42,12.44,7.71,5.61,,2.53,4.3,10.66,6.68,4.75,,212,1079,403,346,1.43,2.58,1.00,14.31,
E,2,N,28,46.7,49,1.2,38.13,36.16,10.79,6.89,,2.76,11.05,30.11,9.61,6.79,,245,1054,367,306,1.52,2.80,1.06,16.73,
E,3,N,18,39.9,41.8,1.42,22.45,22.27,9.66,9.35,,3.18,7.84,19.66,8.73,8.92,,186,1008,399,352,2.03,4.03,0.85,11.72,
E,4,N,36,33.4,26.5,1.4,13.11,13.03,10.86,8.98,,3,4.58,11.25,9.02,9.08,,186,1006,407,351,1.97,3.66,1.65,13.66,
E,5,N,43,41,39.6,1.47,25.42,23.64,9.76,8.8,,3.14,7.89,19.54,8.91,8.64,,222,1075,404,334,2.32,3.98,0.77,17.34,
E,6,N,28,33.4,29.9,1.17,14.9,14.41,10.85,8.74,,2.63,4.56,12.48,9.41,9.34,,227,1034,365,316,1.42,2.53,1.31,13.39,
E,7,N,19,37.5,37.2,1.34,20.93,20.64,8.49,8.88,,2.91,6.15,17.26,7.37,9.29,,240,1014,356,298,1.82,3.02,1.04,16.38,
E,8,N,23,38.6,38.6,1.24,20.78,19.67,7.35,5.57,,2.75,6.99,16.76,6.47,6.83,,197,1056,417,355,1.62,3.15,0.93,14.79,
E,9,N,41,39.3,40.9,1.31,21.28,19.92,9.13,6.25,,2.82,6.86,16.63,8.14,6.71,,210,1068,413,344,1.83,3.28,0.91,16.52,
E,10,N,18,37.8,40.5,1.4,20.32,19.82,8.39,8.64,,2.95,6.77,17.25,7.29,9.36,,200,1025,392,342,2.01,3.42,1.04,12.97,
E,11,N,24,39.6,37.8,1.24,23.8,22.21,9.8,6.76,,2.75,7.94,19.02,8.92,7.67,,200,1072,417,357,1.65,3.16,0.84,14.36,
E,12,N,23,45.9,47.4,1.09,22.91,21.53,10.08,4.64,,2.53,6.97,17.75,8.44,6.9,,229,1064,393,324,1.26,2.51,1.76,17.56,
E,13,N,19,37.5,35.2,1.15,18.69,17.8,11.19,4.62,,2.63,5.35,14.04,9.97,4.32,,249,1050,381,301,1.39,2.64,1.10,21.12,
E,14,N,45,37.7,37.8,1.23,22.54,21.07,9.34,6.46,,2.74,7.09,17.97,8.28,5.6,,218,1070,395,336,1.62,2.96,1.00,14.71,
E,15,N,20,35.3,35.2,1.28,21.94,20.42,7.65,9.13,,2.81,7.27,17.31,6.15,9.32,,202,1074,420,356,1.76,3.32,1.39,15.23,
E,16,N,24,37.3,32.8,1.22,15.31,14.32,12.04,8,,2.73,4.96,12.34,10.84,9.05,,209,1069,402,346,1.59,3.00,1.11,13.83,
E,17,N,24,40.5,38.3,1.19,19.36,18,8.57,3.7,,2.61,6.23,15.92,7.72,4.3,,211,1076,391,346,1.52,2.67,0.80,11.56,
E,18,N,37,43.3,44.1,1.26,28.51,27,8.61,4.7,,2.76,8.5,22.21,7.77,4.67,,235,1056,383,315,1.68,2.92,0.77,17.74,
E,19,N,45,41.8,39.9,1.19,21.64,21.83,11.14,6.4,,2.63,7.29,19.19,9.75,6.85,,197,991,380,334,1.40,2.63,1.25,12.09,
E,20,N,17,41,44.2,1.28,25.81,24.17,8.72,5.99,,2.76,8.47,20.76,7.81,5.66,,205,1068,408,350,1.75,3.11,0.84,14.11,
E,21,N,30,37.8,33.4,1.11,18.61,18.12,6.7,8.67,,2.56,5.45,15.09,5.08,8.5,,241,1027,361,301,1.27,2.37,1.51,16.72,
E,22,N,13,38,38.5,1.2,17.19,16.11,10.73,6.19,,2.73,5.36,14.02,9.76,7.17,,221,1067,382,333,1.54,2.85,0.92,12.97,
E,23,N,23,44.5,43.3,1.32,24.87,23.45,11.25,8.85,,2.97,8.29,20.13,10,9.35,,200,1061,412,354,1.85,3.63,1.13,14.16,
E,24,N,17,38.7,46.7,1.24,33.37,31.61,7.68,5.44,,2.7,10.74,27.03,6.6,5.5,,211,1056,397,340,1.62,2.90,1.00,14.49,
E,25,N,45,37.5,33.2,1.12,21.79,22.45,9.84,6.28,,2.41,7.72,20.07,7.62,6.77,,182,971,385,344,1.22,2.23,2.02,10.60,
E,26,N,36,34.4,30,1.31,12.98,12.674,8.49,7.47,,2.91,4.32,10.8,7.61,7.06,,200,1024,400,341,1.76,3.39,0.82,14.79,
E,27,N,41,39.5,38.8,1.32,26.46,24.64,7.62,9.07,,2.94,8.1,20.7,6.55,9.39,,227,1074,391,329,1.87,3.38,1.00,15.99,
E,28,N,37,45.2,44.8,1.11,24.04,22.51,8.92,4.55,,2.65,7.14,17.9,7.82,4.41,,237,1068,399,317,1.32,2.80,1.01,20.48,
E,29,N,30,38.3,33.9,1.07,13.63,13.71,7.49,4.43,,2.4,4.26,11.42,6.03,5.51,,220,994,373,311,1.14,2.15,1.44,16.70,
E,30,N,25,34.5,37,1.3,19.14,17.99,8.66,5.96,,2.67,6.91,15.8,7.4,7.63,,177,1064,437,384,1.80,3.12,1.33,12.17,
E,31,N,15,40.5,42.5,1.42,28.6,26.69,11.34,6.38,,3.04,9.09,22.93,10.81,6.43,,215,1072,396,341,2.16,3.66,0.47,14.09,
E,32,N,23,35.8,37.8,1.33,21.92,21.5,6.1,9.32,,2.95,6.96,18.2,4.67,9.45,,215,1020,382,324,1.80,3.33,1.34,15.35,
E,33,N,36,36.7,31.5,1.27,13.85,13.82,9.72,6.94,,2.78,4.56,11.83,8.82,7.24,,204,1002,385,330,1.62,2.98,0.82,14.40,
E,34,N,20,43.3,41.3,1.38,26.68,24.62,7.7,9.21,,2.89,8.68,21.17,6.65,9.26,,207,1084,410,353,2.06,3.42,0.97,14.01,
E,35,N,23,39.3,36.1,1.22,20.57,19.46,7.77,4.71,,2.59,7.4,16.74,6.85,6.88,,178,1057,442,380,1.57,2.97,1.17,13.98,
F,1,N,37,44,41.8,1.3,24.73,23,11.38,5.93,,2.86,7.61,19.47,10.53,6.54,,225,1075,391,331,1.82,3.20,0.77,15.35,
F,2,N,25,41.7,39.9,1.36,25.37,23.38,10.1,8.87,,3.08,7.93,19.35,9.25,9,,220,1085,410,339,2.01,3.89,0.77,17.24,
F,3,N,36,37.8,33.5,1.19,14,14.05,11.66,7.39,,2.73,4.5,12,10.73,7.9,,211,996,375,320,1.41,2.79,0.84,14.59,
F,4,N,34,35.1,30.4,1.45,18.18,17.22,10.17,8.93,,3.02,5.76,14.92,9.06,9.35,,216,1056,386,334,2.22,3.52,1.01,13.36,
F,5,N,17,41.2,45.6,1.26,22.62,21.35,10.05,4.32,,2.7,7.37,18.51,8.94,5.02,,207,1059,398,345,1.68,2.90,1.03,13.30,
F,6,N,37,42.5,44.5,1.4,26.16,24.72,11.84,4.15,,2.96,8.46,21,11.38,4.18,,209,1058,403,342,2.07,3.53,0.41,15.05,
F,7,N,34,33.3,28.9,1.38,13,12.44,10.35,8.83,,2.89,3.98,10.42,9.11,8.97,,227,1045,382,320,1.99,3.19,1.12,16.24,
F,8,N,30,35.6,31.4,1.22,13.02,13.88,10.18,8.9,,2.68,4.25,12,9.04,9.08,,206,938,354,306,1.40,2.54,1.03,13.54,
F,9,N,19,31.5,28.7,1.38,15.04,15.04,9.73,8.1,,2.85,5.22,13.34,8.65,8.37,,188,1000,391,347,1.90,3.18,0.98,11.30,
F,10,N,36,38.3,32.5,1.26,15.43,15.63,10.36,7.38,,2.7,5.29,13.3,9.32,8.96,,192,987,398,338,1.57,2.90,1.06,14.91,
F,11,N,12,39.9,38.2,1.13,21.63,20.27,11.19,5.66,,2.55,6.83,17.08,9.9,7.64,,217,1067,400,337,1.36,2.60,1.33,15.74,
F,12,N,13,25.1,21.8,1.22,8.96,8.4,11.06,6.14,,2.61,2.91,7.35,9.94,5.62,,208,1067,396,346,1.59,2.70,1.02,12.50,
F,13,N,25,24.6,26.7,1.24,12.36,11.61,10.4,9.34,,2.73,4.16,9.82,7.93,9.28,,197,1065,424,358,1.64,3.16,2.23,15.42,
F,14,N,23,41.5,40,1.26,24.68,23.51,10.14,5.94,,2.64,8.5,20.03,8.84,7.48,,190,1050,424,362,1.67,2.96,1.30,14.80,
F,15,N,13,36.5,32,1.17,15,13.99,10.22,7.55,,2.63,4.63,11.95,8.56,9.27,,224,1072,387,331,1.47,2.68,1.66,14.58,
F,16,N,20,36.5,36.5,1.34,16.86,15.79,10.09,9,,2.82,5.67,13.13,8.37,9.16,,197,1068,432,359,1.92,3.43,1.56,16.85,
F,17,N,15,38,40.8,1.24,30.49,28.6,10.43,4.72,,2.76,9.18,23.78,9.6,4.65,,232,1066,386,321,1.64,2.94,0.75,16.85,
F,18,N,30,37.4,38.5,1.13,18.23,17.93,11.02,8.83,,2.65,5.23,14.22,9.54,9.13,,249,1017,368,292,1.30,2.58,1.33,20.69,
F,19,N,36,36,32.1,1.15,17.06,16.92,10.08,5.71,,2.51,5.53,14.73,8.88,6.32,,208,1008,375,327,1.33,2.37,1.10,12.94,
F,20,N,36,35.8,32.8,1.2,14.3,13.76,10.75,6.45,,2.64,4.75,11.73,9.48,7.69,,201,1039,405,345,1.50,2.82,1.21,14.75,
F,21,N,13,35.1,32.4,1.38,18.09,17.17,9.96,8.89,,2.91,5.89,15,8.5,9.35,,207,1054,393,343,2.01,3.33,1.33,12.64,
F,22,N,20,40.7,40.4,1.3,22.75,21.59,10.83,6.22,,2.82,7.47,18.44,9.94,7.01,,205,1054,405,346,1.78,3.22,0.83,14.59,
F,23,N,25,34.6,32.9,1.34,14.6,13.7,10.46,8.4,,2.87,4.75,11.79,9.2,8.95,,207,1066,403,347,1.91,3.32,1.15,13.94,
F,24,N,13,34.7,38.3,1.4,17.06,15.99,11.34,7.9,,2.83,5.11,13.57,10.35,9.13,,234,1067,377,320,2.09,3.02,0.95,15.13,
F,25,N,41,41.4,38.7,1.42,28.74,27.14,10.41,9.35,,3.04,8.69,21.44,9.07,9.08,,231,1059,405,320,2.14,3.75,1.21,21.00,
F,26,N,15,36.9,38.6,1.32,15.02,14.21,10.26,8.37,,2.91,4.7,11.83,9.39,9.55,,220,1057,397,331,1.84,3.36,0.85,16.75,
F,27,N,25,33.9,29.2,1.32,16.2,15.14,9.96,9.01,,2.9,5.97,13.05,6.63,9.32,,171,1070,457,394,1.86,3.85,3.02,13.80,
F,28,N,43,34.9,31,1.26,12.95,12.09,11.07,7.78,,2.79,3.93,9.63,9.62,8.92,,230,1071,408,325,1.70,3.18,1.36,20.35,
F,29,N,24,40.7,34.9,1.26,17.35,16.23,9.73,6.18,,2.67,5.95,14.2,8.56,8.05,,192,1069,419,367,1.70,2.99,1.25,12.51,
F,30,N,28,40.7,38.3,1.3,25.94,25.3,9.35,9.4,,2.93,8.05,21.47,8,9.36,,222,1025,375,318,1.73,3.22,1.23,15.14,
F,31,N,36,34.5,32.6,1.22,14.17,13.45,9.97,7.37,,2.69,4.59,11.58,8.97,7.9,,209,1054,396,341,1.57,2.87,0.92,13.90,
F,32,N,31,38.1,37,1.47,22.1,20.75,10.06,7.14,,3.06,7.02,17.57,9.1,8.04,,215,1065,400,338,2.30,3.74,0.91,15.33,
F,33,N,30,35.2,31.5,1.26,22.68,21.77,10.17,9.19,,2.75,7.49,18.61,8.29,9.5,,203,1042,402,344,1.65,3.04,1.70,14.52,
F,34,N,37,36,36.9,1.43,18.58,17.39,11.73,6.11,,2.91,5.83,14.28,10.72,8.31,,219,1068,408,335,2.18,3.46,1.10,17.88,
F,35,N,45,35.4,28.9,1.17,12.04,11.54,10.5,8.04,,2.55,4.04,9.76,8.66,8.94,,198,1043,414,350,1.43,2.69,1.70,15.42,
G,1,N,15,37.4,40.7,1.3,25.52,23.8,8.66,4.2,,2.78,8.19,20.61,7.98,4.72,,212,1072,397,344,1.81,3.07,0.64,13.40,
G,2,N,36,34,35.3,1.32,16.72,16.69,7.67,9.26,,2.93,5.72,14.6,5.99,9.34,,192,1002,392,343,1.75,3.36,1.55,12.52,
G,3,N,43,40,38,1.3,20.42,19.42,8.46,7.98,,2.89,5.16,15.51,7.54,7.37,,296,1051,333,266,1.78,2.39,0.87,20.13,
G,4,N,31,43.9,41.9,1.32,22.36,20.78,8.15,8.13,,2.95,6.65,17.76,7.19,8.64,,236,1076,374,320,1.87,3.26,0.90,14.53,
G,5,N,36,35.1,30.2,1.22,13.13,13.09,7.25,6.81,,2.68,4.19,11.25,6.27,7.48,,213,1003,372,320,1.49,2.68,0.94,14.06,
G,6,N,36,32.6,27.7,1.22,13.82,13.45,7.83,7.62,,2.7,4.48,11.66,6.82,8.86,,208,1028,384,333,1.53,2.80,1.04,13.31,
G,7,N,24,44.6,40.6,1.3,29.84,27.49,7.91,8.67,,2.86,9.66,23.78,7,8.99,,209,1085,406,351,1.83,3.32,0.85,13.50,
G,8,N,19,35,37.5,1.28,17.38,16.93,8.34,8.82,,2.86,5.45,14.67,7.34,9.3,,219,1027,372,322,1.68,3.04,0.93,13.35,
G,9,N,23,45.6,45,1.09,28.41,26.42,8.54,6.55,,2.65,8.21,21.91,7.13,6.28,,246,1075,375,311,1.28,2.63,1.30,17.07,
G,10,N,34,30.9,28.7,1.34,14.95,14.49,7.9,8.9,,2.93,4.86,12.61,6.51,9.35,,208,1032,385,335,1.85,3.31,1.30,12.97,
G,11,N,37,35.2,35.3,1.28,20.82,19.58,8.2,7.46,,2.7,6.67,16.7,6.79,9.24,,212,1063,399,341,1.74,2.91,1.51,14.71,
G,12,N,43,44.7,44.7,1.32,28.36,26.29,8.2,8.27,,2.94,8.51,21.11,6.98,9.2,,233,1079,403,324,1.88,3.48,1.18,19.70,
G,13,N,37,39.4,36.3,1.22,19.96,18.58,7.67,7.32,,2.8,5.96,15.26,6.61,6.52,,235,1074,391,321,1.60,3.06,1.02,17.87,
G,14,N,38,40.4,40.7,1.3,21.41,19.72,8.07,5.2,,2.76,7.288,17.46,7.3,5.64,,194,1086,417,370,1.83,3.18,0.72,11.46,
G,15,N,12,37.4,36.6,1.32,19.42,18.76,8.57,5.98,,2.92,6.31,16.16,7.95,6.71,,208,1035,390,336,1.80,3.33,0.60,13.86,
G,16,N,43,42.8,43.2,1.38,27.83,25.86,8.02,7.01,,2.95,9.17,22.07,7.24,7.67,,203,1076,415,355,2.05,3.62,0.75,14.66,
G,17,N,38,33.8,32.1,1.19,13.55,13.32,8.24,7.74,,2.52,4.86,11.7,5.72,9.38,,179,1017,415,365,1.44,2.64,2.54,12.16,
G,18,N,31,46.6,44.3,1.38,24.62,23.03,3.53,3.84,,2.98,8.12,19.92,2.98,3.46,,203,1069,408,353,2.04,3.62,0.55,13.50,
G,19,N,12,35.9,35.1,1.2,16.87,15.36,8.43,8.45,,2.75,5.13,12.5,7.32,8.54,,229,1098,410,334,1.58,3.10,1.02,18.62,
G,20,N,24,41.4,37.2,1.24,13.32,12.18,7.62,6.56,,2.7,4.34,10.53,6.68,7.22,,207,1094,412,356,1.68,3.00,0.90,13.55,
G,21,N,18,40.4,38.9,1.3,22.43,20.81,7.99,5.97,,2.78,7.48,17.91,7.16,6.93,,200,1078,418,359,1.82,3.23,0.82,13.94,
G,22,N,34,27.7,25.3,1.36,11.45,10.79,6.31,6.63,,2.82,3.76,9.46,5.18,7.37,,205,1061,397,348,1.96,3.07,1.11,12.33,
G,23,N,17,34,30.7,1.4,14.43,14.63,7.27,9.24,,2.96,5,12.9,6.05,9.32,,189,986,388,342,1.93,3.40,1.13,11.83,
G,24,N,18,37.1,41.3,1.32,18.13,17.64,8.12,2.78,,2.67,6.71,15.63,7.51,3.24,,170,1028,429,380,1.79,3.06,0.57,11.39,
G,25,N,25,35.3,32.7,1.32,12.87,12.12,8.66,5.08,,2.76,4.32,10.66,7.86,5.3,,198,1062,405,356,1.85,3.09,0.74,12.05,
G,26,N,34,32,33.7,1.36,12.97,12.26,7.51,9.36,,3.15,4.02,10.67,6.3,9.37,,223,1058,377,328,1.96,3.74,1.12,12.97,
G,27,N,15,38.3,41.5,1.22,23.41,21.68,8.23,6.04,,2.74,7.15,18.52,7.32,5.55,,227,1080,386,330,1.61,2.90,0.85,14.58,
G,28,N,23,38.5,40.2,1.17,24.74,23.52,6.71,7.11,,2.66,7.66,19.8,5.72,7.21,,223,1052,387,326,1.44,2.74,0.92,15.82,
G,29,N,19,40.2,37.2,1.28,17.63,17.26,7.03,8.81,,3.02,5.71,15.16,6.24,9.35,,209,1021,377,331,1.67,3.44,0.76,12.17,
G,30,N,19,32.2,30,1.3,19.12,18.58,7.88,9.12,,2.87,5.88,16.27,6.55,9.37,,225,1029,361,316,1.74,2.98,1.23,12.43,
G,31,N,41,43,42.1,1.34,39.48,36.85,7.64,8.46,,2.87,12.57,31.28,6.49,9.15,,214,1071,402,341,1.92,3.31,1.10,15.12,
G,32,N,18,35.5,35.4,1.4,17.39,16.25,7.71,9.22,,2.99,5.73,14.02,6.64,9.11,,203,1070,409,353,2.10,3.65,0.99,13.72,
G,33,N,17,50,53.2,1.26,30.39,28.25,8.44,4.48,,2.8,9.49,24.03,7.54,4.16,,220,1076,395,336,1.71,3.10,0.83,14.94,
G,34,N,17,42,39.4,1.28,24.39,22.95,6.2,5.34,,2.75,7.72,19.86,5.28,6.3,,216,1063,389,336,1.74,2.98,0.94,13.46,
G,35,N,25,30.6,29.4,1.32,14.52,13.59,7.9,8.19,,2.76,4.99,11.82,6.36,9.31,,191,1068,422,367,1.86,3.24,1.51,13.02,
H,1,N,17,37.3,40.5,1.43,22.55,21.98,9.81,8.4,,2.96,8,19.02,8.34,8.4,,182,1026,421,364,2.10,3.69,1.33,13.47,
H,2,N,45,38.3,36,1.22,21.87,20.98,9.87,9.21,,2.75,6.81,17.86,8.56,9.35,,221,1042,381,325,1.55,2.88,1.19,14.87,
H,3,N,37,44,43,1.34,27.8,26.16,10.07,6.96,,2.92,8.73,22.07,9.3,7.72,,218,1063,396,334,1.91,3.37,0.72,15.63,
H,4,N,24,27.8,28.9,1.22,11.34,10.74,10.73,4.57,,2.58,3.83,9.2,9.95,5.63,,196,1056,416,357,1.57,2.77,0.75,14.34,
H,5,N,12,37.8,34.9,1.28,16.16,15.36,9.77,6.84,,2.81,4.96,12.68,9.03,7.9,,226,1052,391,323,1.72,3.09,0.73,17.45,
H,6,N,15,41.1,39.4,1.4,27.45,25.74,10.32,7.13,,3.03,9.11,22.09,9.68,7.81,,201,1066,412,354,2.09,3.79,0.60,14.18,
H,7,N,41,38.6,38.1,1.32,21.97,20.32,9.59,6.54,,2.89,6.91,17.03,8.75,7.04,,218,1081,406,340,1.88,3.39,0.78,16.19,
H,8,N,18,42.9,46.2,1.32,25.76,24.47,10.97,5.65,,2.78,8.45,20.91,10.06,6.09,,205,1053,404,345,1.83,3.12,0.82,14.55,
H,9,N,15,47.8,48.2,1.28,31.84,30.1,10.76,7.02,,2.82,9.54,25.45,9.8,6.88,,234,1058,375,317,1.73,2.98,0.86,15.45,
H,10,N,24,38.4,33.6,1.24,16.13,15.41,11.14,5.44,,2.67,5.31,13.56,10.3,7.15,,204,1047,392,345,1.61,2.79,0.88,12.01,
H,11,N,20,40.1,38.4,1.26,21.68,20.3,10.84,9.28,,2.83,6.88,16.71,9.18,9.42,,215,1068,412,339,1.70,3.30,1.49,17.68,
H,12,N,34,32.1,28,1.22,12.22,11.94,11.5,7.25,,2.63,3.96,10.33,10.53,8.38,,209,1023,383,332,1.52,2.65,0.92,13.48,
H,13,N,36,38.4,37.6,1.2,17.02,16.17,10.88,4.81,,2.69,5.2,13.84,10.01,4.17,,227,1053,376,322,1.52,2.72,0.80,14.41,
H,14,N,15,38.9,40.6,1.4,19.57,18.74,10.99,7.31,,2.93,6.46,15.77,10.26,8.37,,203,1044,410,345,2.05,3.52,0.70,15.85,
H,15,N,31,38.3,34.4,1.42,24.64,23.07,10.35,8.77,,3,7.85,19.98,9.09,7.7,,214,1068,393,340,2.15,3.54,1.19,13.39,
H,16,N,18,39.9,43.5,1.24,22.03,21.29,11.15,6.04,,2.73,7.06,18.04,10.02,6.25,,212,1035,391,332,1.59,2.92,1.01,15.27,
H,17,N,12,38.4,37.1,1.3,19,17.86,10.82,8.08,,2.84,6.01,14.66,9.9,8.13,,216,1064,410,337,1.80,3.31,0.83,17.92,
H,18,N,23,38.4,36.3,1.22,18.95,18.34,11.02,1.7,,2.68,6.36,15.44,10.44,3.45,,198,1033,412,347,1.54,2.96,0.65,15.81,
H,19,N,20,40.6,46.2,1.22,19.62,18.4,11.16,6.94,,2.71,6.35,15.49,9.93,7.08,,209,1066,410,345,1.59,3.01,1.10,15.82,
H,20,N,28,41.2,41.4,1.28,28.76,27.97,9.89,6.03,,2.79,8.56,23.62,9.08,6.66,,236,1028,362,306,1.68,2.82,0.75,15.55,
H,21,N,17,33.8,37,1.51,20.43,21.76,10.31,9.18,,2.94,7.8,19.43,8.75,9.32,,162,939,401,358,2.14,3.47,1.41,10.71,
H,22,N,38,36.4,34.8,1.3,19.08,17.69,10.75,6.73,,2.75,6.39,15.58,9.93,7.78,,199,1079,410,361,1.82,3.10,0.79,11.93,
H,23,N,37,39.3,35.9,1.24,18.46,17.44,10.15,6.27,,2.68,5.92,14.85,9.26,6.4,,212,1058,399,339,1.63,2.86,0.80,14.85,
H,24,N,31,42.5,37.8,1.38,16.06,15.24,10.86,4.97,,2.9,5.37,13.1,10.27,5.17,,199,1054,410,352,2.01,3.45,0.53,14.04,
H,25,N,13,33.2,34.5,1.17,14.51,13.82,10.28,5.36,,2.57,4.62,12.08,9.44,6.8,,214,1050,382,334,1.44,2.53,0.86,12.59,
H,26,N,43,37.3,38.3,1.47,18.75,17.44,10.31,7.23,,3.11,5.96,14,9.53,7.33,,215,1075,426,342,2.32,4.12,0.70,19.72,
H,27,N,13,33.1,30.5,1.17,12.39,12,11.46,4.75,,2.54,4,10.52,10.6,7.04,,210,1033,380,333,1.41,2.45,0.99,12.33,
H,28,N,24,43,38.3,1.24,23.86,22.42,10.72,6.21,,2.78,7.55,19.22,9.72,6.54,,216,1064,393,337,1.64,3.04,0.90,14.27,
H,29,N,34,35.3,35.2,1.4,18.99,18.2,10.18,8.75,,3.09,5.65,15.64,9.15,8.88,,236,1043,361,310,2.05,3.45,0.93,14.07,
H,30,N,34,34.2,32,1.26,14.05,13.51,10.8,6.3,,2.72,4.34,11.53,9.66,8.21,,224,1040,376,321,1.65,2.78,1.19,14.66,
H,31,N,13,28.8,25,1.34,14.82,13.99,10.15,9.37,,2.83,4.66,12.06,8.84,9.37,,218,1059,386,333,1.90,3.09,1.18,13.80,
H,32,N,17,38.7,39,1.51,22.24,22.12,10.44,7.51,,3.03,7.97,19.41,9.52,8.93,,179,1005,411,360,2.29,3.77,0.92,12.25,
H,33,N,31,43.7,31.2,1.47,32.35,30.62,10.26,8.15,,3.12,9.92,26.4,9.44,8.05,,226,1056,376,324,2.28,3.66,0.74,13.78,
H,34,N,15,41.8,45,1.26,25.67,24.43,10.57,5.76,,2.88,7.13,19.94,9.66,4.87,,260,1051,358,292,1.67,2.97,0.86,18.38,
H,35,N,28,45.5,43.6,1.2,26.42,24.81,10.84,5,,2.71,8.18,21.47,9.89,4.89,,223,1065,381,330,1.53,2.80,0.85,13.46,
I,1,N,31,42.9,41.2,1.32,21.52,20.04,8.83,5.34,,3.01,7.13,17.11,8.08,6.22,,202,1074,417,356,1.87,3.78,0.73,14.62,
I,2,N,41,38.4,41.5,1.4,25.76,24.36,8.19,9.12,,3.12,7.23,20.52,7.18,9.28,,256,1057,352,297,2.07,3.43,0.93,15.76,
I,3,N,31,41.6,40.7,1.61,29.44,27.61,8.32,9.39,,3.26,8.87,23.4,7.42,9.47,,232,1066,379,321,2.76,4.03,0.83,15.25,
I,4,N,25,33.7,38.1,1.22,17.78,16.75,7.48,3.68,,2.64,5.74,14.64,6.5,3.08,,210,1061,392,343,1.58,2.73,0.93,12.60,
I,5,N,25,33.4,35,1.38,14.29,13.68,11.56,4.72,,2.76,5.11,11.9,10.44,6.93,,180,1045,429,374,1.99,3.27,1.21,13.01,
I,6,N,25,32.1,33,1.32,12.4,11.7,8.3,5.06,,2.75,4.35,9.89,7.54,6.03,,185,1060,440,372,1.85,3.33,0.76,15.47,
I,7,N,37,40.6,38.6,1.28,21.55,20.21,7.97,4.86,,2.8,6.8,17.06,7.28,5.05,,217,1066,399,336,1.75,3.12,0.64,15.59,
I,8,N,45,49.4,47.9,1.28,28.28,30.14,9.28,6.87,,2.69,10.2,26.34,8.31,6.68,,177,938,387,338,1.54,2.80,0.88,12.61,
I,9,N,34,31.2,28,1.24,11.26,11.07,8.17,5.57,,2.73,3.52,9.66,7.38,7.37,,220,1017,364,318,1.56,2.72,0.93,12.74,
I,10,N,23,40.5,39.5,1.17,26.61,25.26,8.7,4.46,,2.68,8.28,20.95,7.37,5.19,,221,1053,395,328,1.44,2.84,1.25,17.06,
I,11,N,28,35.3,39.3,1.19,17.16,16.78,7.64,6.74,,2.63,5.31,14.11,6.64,7.01,,223,1023,376,316,1.45,2.60,0.93,15.91,
I,12,N,37,33.6,34.8,1.15,13.15,12.52,9.58,3.86,,2.5,4.21,10.62,8.34,6.45,,212,1050,396,336,1.39,2.48,1.50,15.18,
I,13,N,17,35.2,36.8,1.43,20.28,21.2,10.43,9.3,,2.91,7.5,18.64,8.91,9.44,,170,957,402,354,1.96,3.41,1.37,12.08,
I,14,N,13,25.1,21.4,1.11,7.12,6.84,7.77,8.67,,2.61,2.07,5.85,6.16,9.17,,244,1041,354,303,1.28,2.41,1.50,14.47,
I,15,N,36,28.7,26.7,1.26,12.33,12.22,8.02,8.46,,2.75,3.92,10.46,6.98,9.19,,215,1009,375,321,1.60,2.83,0.99,14.40,
I,16,N,37,40.1,38.4,1.22,22.03,21.05,6.56,7.53,,2.76,6.75,17.52,5.36,7.75,,226,1047,385,321,1.56,2.93,1.12,16.77,
I,17,N,30,38.3,35.2,1.17,16.02,15.63,9.18,7.65,,2.7,4.65,12.16,7.79,7.88,,245,1025,382,298,1.40,2.79,1.27,22.20,
I,18,N,25,37.6,41.2,1.36,19.64,18.78,7.1,6.38,,2.94,6.14,15.65,6.14,6.47,,220,1046,392,327,1.93,3.39,0.89,16.67,
I,19,N,13,35.7,33.7,1.17,13.2,12.43,8.38,4.59,,2.53,3.95,10.53,7.16,6.62,,234,1062,375,318,1.45,2.40,1.39,15.29,
I,20,N,15,38.5,43.8,1.32,31.85,30.2,8.32,5.52,,2.81,10.13,25.91,7.27,6.93,,214,1055,391,335,1.84,3.09,1.09,14.21,
I,21,N,34,31.1,27,1.4,9.45,8.92,8.11,9.25,,3.05,2.95,7.68,6.73,9.37,,220,1059,384,331,2.08,3.57,1.27,13.90,
I,22,N,25,29.5,30.3,1.4,12.62,11.88,7.16,8.48,,2.96,3.95,10.17,6.12,9.33,,219,1062,388,332,2.08,3.40,1.02,14.39,
I,23,N,45,43,42,1.2,22.95,21.51,9.72,5.46,,2.65,7.11,18.3,8.45,6.47,,223,1067,389,331,1.54,2.73,1.21,14.92,
I,24,N,34,37.2,35.3,1.43,18.96,18.21,7.96,9.35,,3.11,6.11,15.76,6.6,9.4,,210,1041,388,336,2.13,3.75,1.25,13.45,
I,25,N,38,30.4,29,1.24,12.41,12.16,7.73,8.51,,2.64,4.32,10.65,5.64,9.36,,187,1021,406,355,1.57,2.83,1.99,12.42,
I,26,N,38,40.2,45.9,1.3,33.72,31.58,6.14,5.95,,2.81,10.51,27.07,5.31,6.23,,221,1068,388,333,1.80,3.07,0.78,14.28,
I,27,N,43,41.3,43,1.42,19.33,18.13,8.18,7.79,,3.09,5.89,14.72,7.45,7.3,,228,1066,400,325,2.15,3.82,0.69,18.81,
I,28,N,28,40,40.3,1.19,19.23,18.27,10.07,7.14,,2.71,5.66,15.13,8.91,7.7,,240,1053,374,310,1.49,2.75,1.06,17.19,
I,29,N,20,40,36.7,1.32,20.11,18.78,9.35,9.22,,2.96,6.31,15.5,7.79,9.18,,219,1071,407,336,1.87,3.57,1.42,17.47,
I,30,N,13,37.4,33.9,1.2,17.4,16.79,9.55,5.67,,2.61,5.59,14.52,8.53,5.95,,211,1036,385,333,1.49,2.62,0.93,13.52,
I,31,N,34,35.9,36.1,1.28,18.17,17.29,7.87,6.71,,2.78,5.66,14.73,6.9,7.46,,221,1051,384,327,1.72,2.97,0.93,14.81,
I,32,N,45,38.9,42,1.22,21.46,20.62,9.23,5.32,,2.69,6.92,17.65,8.18,6.97,,210,1041,392,336,1.55,2.84,1.11,14.40,
I,33,N,45,41.9,40.7,1.38,23.31,22.4,9.35,8.83,,2.92,7.6,19.25,8.29,9.37,,207,1041,395,339,1.98,3.37,0.98,14.06,
I,34,N,13,35.7,33.3,1.3,16.92,16.2,8.23,8.44,,2.85,5.41,13.88,7.03,9.4,,213,1044,390,334,1.77,3.17,1.16,14.32,
I,35,N,45,40.3,37.6,1.3,22.29,21.25,10.26,7.74,,2.84,7.22,18.24,9.25,8.68,,209,1049,396,340,1.77,3.19,0.95,14.16,
J,1,N,25,35.5,34.9,1.49,23.81,22.07,10.48,9.37,,3.3,7.88,19.11,8.6,9.33,,202,1079,412,357,2.40,4.49,1.69,13.41,
J,2,N,13,35.3,38,1.36,18.76,17.36,10.39,8.88,,3.01,5.666,14.93,9.61,9.14,,231,1081,380,326,2.00,3.44,0.71,14.00,
J,3,N,24,42.2,42.1,1.34,20.96,19.56,10.03,9.23,,3,6.08,16.69,8.6,9.39,,245,1072,364,311,1.92,3.28,1.29,14.67,
J,4,N,18,43.9,48.8,1.22,23.19,21.18,9.24,4.52,,2.79,6.64,17.05,8.26,3.96,,249,1095,389,314,1.63,3.03,0.91,19.50,
J,5,N,37,36.8,35.3,1.36,23.93,22.18,10.15,9.21,,3.04,7.84,19.36,7.95,9.38,,205,1079,405,353,2.00,3.74,1.99,12.71,
J,6,N,20,40.9,43.8,1.19,19.13,17.66,9.18,1.97,,2.62,5.92,14.83,7.99,1.66,,223,1083,399,335,1.53,2.74,1.09,16.02,
J,7,N,45,42.7,39.3,1.28,20.9,19.35,10.49,3.86,,2.76,6.87,16.82,9.62,3.39,,204,1080,408,355,1.77,3.11,0.79,13.07,
J,8,N,20,36.9,34.9,1.22,19.03,17.53,10.19,7.84,,2.81,5.74,14.54,8.75,7.66,,232,1086,395,327,1.62,3.12,1.30,17.06,
J,9,N,45,46.2,43.9,1.2,29.9,27.63,8.89,8.64,,2.75,8.8,23.18,7.61,7.6,,240,1082,380,318,1.56,2.87,1.23,16.11,
J,10,N,20,40,40.4,1.17,20.45,18.81,8.81,5.27,,2.59,6.58,15.64,7.78,5.83,,211,1087,421,350,1.49,2.82,0.96,16.85,
J,11,N,23,37.5,38.3,1.26,26.55,25.22,9.81,5.57,,2.76,8.59,21.06,8.21,7.55,,209,1053,408,341,1.67,3.11,1.67,16.49,
J,12,N,20,37.3,36.1,1.32,22.42,20.71,9.75,9.14,,2.91,7.14,17.61,8.36,9.38,,214,1083,405,345,1.89,3.43,1.26,14.97,
J,13,N,24,34.3,36,1.32,19.51,18.85,10.65,7.38,,2.88,6.24,15.69,9.74,8.8,,213,1035,398,331,1.80,3.30,0.91,16.76,
J,14,N,25,39,31.9,1.32,20.45,18.16,9.36,9.03,,2.93,5.86,15.74,8.04,8.84,,249,1126,372,323,1.96,3.20,1.20,13.33,
J,15,N,18,42,47.5,1.34,32.98,30.23,10.94,9.3,,2.92,10.01,25.12,9.57,9.35,,229,1091,398,331,1.96,3.40,1.23,16.90,
J,16,N,45,41.6,34.6,1.22,22.93,21.3,10.76,9.08,,2.78,6.82,17.75,8.83,8.91,,236,1077,384,320,1.60,2.97,1.73,16.67,
J,17,N,18,37,39.2,1.34,16.24,15.08,9.61,6.32,,2.89,5.34,12.89,8.56,8.04,,204,1077,414,354,1.93,3.46,1.11,14.52,
J,18,N,45,40.7,39,1.22,23.55,22.8,10.41,8.28,,2.78,7.67,19.8,9.14,9.2,,207,1033,387,336,1.54,2.99,1.19,13.16,
J,19,N,23,40.7,40.8,1.2,34.92,32.42,10.26,8.44,,2.79,10.48,27.6,8.89,9.03,,233,1077,380,323,1.55,2.96,1.25,14.87,
J,20,N,19,38.9,37.2,1.4,22.29,20.98,9.69,9.28,,3.1,6.83,18.09,7.84,9.34,,226,1062,378,326,2.08,3.63,1.68,13.78,
J,21,N,31,43.3,43.2,1.53,29.18,26.99,10.04,7.04,,3.12,9,22.88,9.17,7.48,,224,1081,393,333,2.53,3.83,0.80,15.23,
J,22,N,43,40,38.4,1.34,28.54,26.59,10.76,8.02,,2.95,7.95,21.95,9.82,8.31,,259,1073,362,299,1.93,3.15,0.85,17.45,
J,23,N,28,33.5,35,1.22,24.26,22.34,10.51,7.54,,2.78,7.74,19.25,9.33,8.22,,213,1086,402,346,1.62,3.11,1.08,13.83,
J,24,N,20,37.3,36.2,1.34,19.99,18.36,10.058,5.78,,2.81,6.61,15.68,9.16,6.75,,202,1089,422,360,1.96,3.33,0.86,14.60,
J,25,N,36,37.3,37.3,1.19,17.61,16.52,10.74,4.36,,2.61,5.51,14.06,9.6,4.87,,220,1066,392,334,1.51,2.67,1.04,14.89,
J,26,N,18,37.7,40,1.38,25.51,24.52,9.99,9.4,,2.93,8.96,20.98,8.17,9.41,,185,1040,427,365,1.98,3.67,1.65,14.44,
J,27,N,12,26.7,25,1.17,9.17,8.63,10.62,7.5,,2.53,2.98,7.37,8.87,9.21,,208,1063,404,345,1.45,2.59,1.72,14.60,
J,28,N,41,42.2,42.6,1.36,35.69,32.83,10.4,8.3,,3.03,10.83,27,9.45,8.68,,230,1087,401,330,2.01,3.68,0.86,17.76,
J,29,N,15,45.9,43.8,1.34,30.65,28.26,10.47,6.34,,2.99,9.11,23.88,9.81,6.2,,236,1085,381,322,1.95,3.41,0.60,15.50,
J,30,N,41,34.3,37,1.28,18.64,17.12,9.27,5.75,,2.79,5.75,14.53,8.25,6.29,,224,1089,396,336,1.78,3.08,0.94,15.13,
J,31,N,45,37.6,33.6,1.3,20.52,19.13,10.47,9.36,,2.94,6.34,15.92,8.29,9.38,,224,1073,398,331,1.81,3.44,1.96,16.78,
J,32,N,34,28.7,25.7,1.17,6.05,5.66,9.87,4.46,,2.54,1.81,4.79,8.66,5.42,,234,1069,378,320,1.46,2.44,1.14,15.37,
J,33,N,19,39.2,34.8,1.26,22.44,21.17,10.79,5.76,,2.75,6.81,18.11,9.54,7.17,,230,1060,376,322,1.68,2.84,1.22,14.45,
J,34,N,34,32.3,30,1.17,12.2,11.29,10.14,3.99,,2.49,3.78,9.95,9.23,4.15,,223,1081,380,335,1.48,2.36,0.82,11.87,
J,35,N,12,36.6,39.2,1.32,20.42,18.73,9.9,4.81,,2.87,6.12,15.46,9.12,4.54,,234,1090,396,327,1.90,3.26,0.71,17.46,
K,1,N,34,34.7,33,1.32,17.96,17.15,9.14,6.94,,2.89,5.54,14.27,8.15,7.89,,224,1047,388,323,1.82,3.24,0.95,16.79,
K,2,N,30,43.9,40.4,1.15,23.82,23.05,9.49,3.57,,2.72,6.47,17.92,8.36,2.67,,268,1033,361,281,1.37,2.67,1.07,22.26,
K,3,N,25,35.5,34.5,1.64,16.83,15.76,8.5,8.84,,3.18,5.63,13.6,7.56,9.34,,199,1068,414,357,2.87,4.19,0.88,13.71,
K,4,N,13,41.3,40.2,1.2,24.08,22.54,9.17,7.8,,2.71,7.21,19.15,8.14,8.22,,234,1068,377,320,1.54,2.77,0.95,15.04,
K,5,N,19,31.7,35.5,1.3,20.37,19.86,11.03,9.16,,2.95,5.82,16.01,9.82,9.25,,250,1026,364,293,1.73,3.16,1.08,19.39,
K,6,N,30,40,35.5,1.13,20.07,19.7,9.77,7.46,,2.59,5.91,15.87,8.14,8.17,,240,1019,372,300,1.30,2.50,1.50,19.44,
K,7,N,38,36.5,38.6,1.32,20.68,19.25,9.98,9.4,,3.17,6.74,16.57,8.06,9.36,,207,1074,407,350,1.87,4.09,1.74,13.92,
K,8,N,34,31.7,28.7,1.4,14.83,14.27,9.58,8.81,,3.03,4.79,12.52,7.5,9.23,,210,1039,383,336,2.04,3.51,1.90,12.26,
K,9,N,28,38,38.6,1.26,18.5,18.19,8.9,7.6,,2.8,5.81,15.25,7.79,8.28,,218,1017,381,319,1.61,2.99,1.04,16.16,
K,10,N,19,40.8,41.3,1.2,28.47,27.24,9.66,5.82,,2.76,8.27,22.54,8.69,6.31,,244,1045,367,304,1.51,2.79,0.89,17.25,
K,11,N,45,41.1,37.2,1.2,23.32,22.16,9.43,8.26,,2.7,7.59,19.19,8.33,9.1,,207,1052,396,343,1.52,2.88,1.04,13.40,
K,12,N,31,41.7,41.5,1.3,25.96,24.73,10.37,6.03,,2.87,8.18,21.18,9.52,6.27,,217,1050,386,331,1.77,3.18,0.77,14.36,
K,13,N,31,38,38.2,1.47,21.48,20.27,11.46,8,,3.21,6.57,16.83,10.24,8.54,,227,1060,390,324,2.29,4.02,1.10,16.97,
K,14,N,24,36.8,30.8,1.2,13.34,12.78,11.45,6.44,,2.68,4.46,10.98,10.23,7.98,,199,1044,406,349,1.50,2.92,1.19,14.08,
K,15,N,17,45.9,43.7,1.43,33.29,32.72,9.79,9.42,,3.02,11.16,28.28,8.97,8.19,,198,1017,395,341,2.08,3.60,0.82,13.57,
K,16,N,31,41.6,44.1,1.36,23.47,22.3,9.13,6.64,,3.21,7.48,19.19,8.64,8.89,,214,1052,390,335,1.95,4.02,0.72,13.95,
K,17,N,45,41.5,38.3,1.26,20.32,20.45,9.36,9,,2.78,6.7,17.82,7.93,9.41,,203,994,376,328,1.58,2.91,1.31,12.86,
K,18,N,15,38.2,40,1.34,21.5,20.29,10.05,8.58,,3.23,6.66,17.21,8.78,9.27,,223,1060,387,328,1.90,4.04,1.17,15.18,
K,19,N,24,38.9,38.1,1.26,20.58,19.64,7.91,5.24,,2.75,6.48,16.77,7.08,6.91,,218,1048,386,330,1.66,2.92,0.95,14.61,
K,20,N,30,36.7,35.3,1.09,20.5,20.17,9.96,7.98,,2.65,5.65,16.11,7.93,8.49,,263,1016,351,280,1.21,2.46,1.85,20.13,
K,21,N,15,42.3,42.6,1.32,19.99,18.64,10.91,4.46,,2.89,6.08,15.94,10.35,4.13,,229,1072,381,326,1.87,3.19,0.51,14.48,
K,22,N,28,39.3,36.6,1.15,21.01,20.49,9.84,6.9,,2.68,6.31,17.3,8.24,6.63,,233,1025,365,308,1.36,2.62,1.45,15.57,
K,23,N,19,35.9,38.3,1.36,14.47,14.37,9.8,9.25,,3.04,4.47,12.28,8.97,9.37,,224,1007,364,311,1.86,3.36,0.75,14.54,
K,24,N,15,36.3,40.5,1.38,20.17,19.02,9.47,5.51,,2.91,6.71,16.25,8.38,6.84,,201,1060,413,353,2.02,3.50,1.09,14.56,
K,25,N,23,40.3,38,1.28,27.62,26.41,9.09,8.31,,2.86,8.48,21.68,7.98,9.07,,226,1046,391,321,1.71,3.20,1.05,17.91,
K,26,N,25,26.2,23.9,1.38,20.17,18.88,10.5,8.8,,2.86,7.09,16.21,8.73,8.94,,184,1068,437,376,2.03,3.58,1.59,14.14,
K,27,N,38,36.8,30.4,1.22,14.97,13.86,8.64,5.75,,2.69,4.78,11.82,7.68,5.9,,213,1080,404,345,1.61,2.93,0.88,14.72,
K,28,N,38,37,36,1.32,24.56,23.42,10.69,9.03,,2.94,7.53,20.4,9.37,8.88,,226,1049,369,322,1.83,3.19,1.19,12.89,
K,29,N,12,28.6,28.7,1.32,13.24,12.46,9.46,8.41,,2.9,3.92,9.97,8.13,9.25,,238,1063,393,315,1.85,3.31,1.25,19.98,
K,30,N,18,34,39.8,1.24,21.06,20.64,10.15,6.74,,2.68,7.12,17.83,8.25,8.11,,196,1020,399,345,1.57,2.87,1.82,13.61,
K,31,N,18,33.4,35.9,1.26,16.45,15.64,11.03,8.53,,2.79,5.26,13.08,9.78,8.79,,213,1052,402,336,1.67,3.13,1.12,16.37,
K,32,N,37,29.8,28.1,1.36,11.72,11.09,11.46,9.11,,2.83,4.07,9.71,10.35,8.53,,188,1057,419,367,1.95,3.36,1.01,12.44,
K,33,N,25,34,37,1.47,19.47,18.3,10.45,8.84,,3.16,6.19,15,9.33,9.13,,215,1064,413,338,2.30,4.12,1.01,18.03,
K,34,N,36,35.9,33.6,1.3,17.74,17.7,10.28,8.55,,2.83,5.96,15.3,8.82,8.65,,198,1002,390,337,1.69,3.12,1.32,13.56,
K,35,N,13,32.5,28.7,1.15,12.32,11.82,10.12,8.03,,2.58,3.94,10.08,8.7,9.36,,213,1042,391,333,1.38,2.60,1.37,14.72,
L,1,N,23,42,43,1.15,30.95,28.98,10.44,3.59,,2.61,9.46,23.98,9.13,3.5,,227,1068,394,326,1.41,2.69,1.18,17.25,
L,2,N,24,37.7,34.6,1.26,23.82,22.15,10.39,6.94,,2.75,7.62,19.36,9,8,,213,1075,394,344,1.71,2.98,1.31,12.60,
L,3,N,23,42.7,41.82,1.2,28.41,26.05,10.4,5.75,,2.76,9.12,22.08,8.74,7.09,,212,1091,413,350,1.57,3.15,1.59,15.24,
L,4,N,37,40,36.5,1.34,22.72,21.26,11.55,6.82,,2.95,7.07,17.93,10.32,7.28,,221,1069,394,333,1.92,3.43,1.11,15.66,
L,5,N,31,40,40.3,1.36,21.4,19.99,11.27,9.01,,2.84,6.65,16.84,9.77,8.7,,222,1071,395,333,1.98,3.19,1.35,15.76,
L,6,N,13,39.5,38.8,1.2,23.87,22.27,10.18,7.02,,2.79,6.99,19.05,8.82,7.83,,241,1072,367,314,1.54,2.86,1.26,14.46,
L,7,N,30,38.1,34,1.26,18.96,18.69,11.48,9.3,,2.92,5.39,15.2,9.59,9.41,,252,1014,355,288,1.61,3.02,1.69,18.67,
L,8,N,38,38.7,38.5,1.26,26.9,24.71,11.36,5.41,,2.71,8.72,21.71,10.05,6.2,,208,1089,402,353,1.73,2.95,1.20,12.14,
L,9,N,38,38.8,35,1.26,24.67,22.96,9.26,6.21,,2.75,7.9,19.71,7.8,7.96,,212,1074,401,344,1.71,3.03,1.51,14.16,
L,10,N,17,40.3,37.4,1.22,29.1,27.09,9.6,7.49,,2.79,9.38,23.04,7.99,8.22,,210,1074,407,346,1.60,3.17,1.49,14.95,
L,11,N,25,35.6,35.4,1.28,20.86,19.79,8.63,6.5,,2.73,7.27,16.94,6.4,7.96,,187,1054,429,367,1.73,3.20,2.20,14.40,
L,12,N,30,37.6,33.19,1.2,23.74,23.95,11.99,7.58,,2.64,7.44,20.68,10.32,8.55,,219,991,360,311,1.43,2.51,1.52,13.65,
L,13,N,12,37.2,35.3,1.24,21.56,20.62,8.58,7.93,,2.79,6.84,17.23,6.8,9.32,,215,1046,397,332,1.61,3.09,1.76,16.44,
L,14,N,30,37.2,31.1,1.2,17.29,17.4,9.97,8.8,,2.69,5.62,15.4,8.11,9.4,,208,994,365,323,1.43,2.64,1.70,11.49,
L,15,N,23,42,42.8,1.32,18.93,18.79,10.98,9.28,,3.05,5.56,15.75,9.02,9.2,,240,1007,353,296,1.76,3.28,1.76,16.18,
L,16,N,19,35.5,30,1.2,28.7,27.32,9.98,7.45,,2.82,8.78,22.41,8.14,8.33,,227,1051,392,321,1.51,3.12,1.71,17.97,
L,17,N,19,36.7,36.8,1.36,27.93,27.01,10.84,9.38,,2.99,8.66,23.27,8.8,9.14,,223,1034,372,321,1.91,3.33,1.83,13.85,
L,18,N,17,35.1,34.9,1.47,22.47,22.47,11.22,7.96,,2.95,8.04,20.01,9.71,9.38,,179,1000,402,358,2.16,3.50,1.44,10.95,
L,19,N,41,40,39,1.32,32.82,30.69,10.02,7.44,,2.92,9.46,25.79,8.7,7.25,,247,1069,367,308,1.86,3.13,1.20,15.97,
L,20,N,45,43.5,42,1.24,33.72,32.02,8.88,5.56,,2.73,10.47,27.32,7.61,5.81,,222,1053,383,327,1.62,2.86,1.16,14.68,
L,21,N,24,36.4,35.9,1.28,25.28,23.92,8.43,6.8,,2.69,8.97,20.57,6.49,8.75,,182,1057,436,375,1.73,3.16,2.05,14.01,
L,22,N,30,35.6,33.7,1.17,23.91,22.54,8.87,9.18,,2.82,6.4,18.36,6.93,9.31,,274,1061,349,284,1.45,2.77,1.77,18.54,
L,23,N,13,35.8,41.6,1.19,31.94,29.64,10.29,9.3,,2.82,10.06,25.92,8.76,9.3,,217,1078,388,339,1.53,3.09,1.38,12.55,
L,24,N,12,26.7,27.2,1.09,15.71,14.52,8.75,9.14,,2.59,4.79,12.06,6.17,9.17,,228,1082,397,330,1.29,2.66,2.36,16.94,
L,25,N,24,43,38.2,1.19,23.11,23.37,10.43,3.69,,2.51,8.06,20.02,8.85,4.67,,187,989,403,345,1.40,2.54,1.47,14.33,
L,26,N,17,33,31.8,1.32,16.27,16.68,8.43,9.23,,2.86,5.57,14.69,6.36,9.35,,192,975,379,334,1.70,3.10,1.90,11.93,
L,27,N,37,38.6,37.2,1.28,26.51,24.83,10.07,6.1,,2.73,8.67,21.22,8.64,7.45,,206,1068,409,349,1.75,3.05,1.39,14.54,
L,28,N,18,41,41.2,1.38,36.57,34.04,9.17,8.83,,2.92,12.52,29.37,7.33,9.27,,192,1074,426,368,2.05,3.63,1.69,13.72,
L,29,N,28,43.3,41,1.15,27.52,26.24,10.45,5.28,,2.63,7.97,21.77,8.95,4.67,,245,1049,366,304,1.39,2.53,1.37,17.04,
L,30,N,36,36,32.2,1.38,28.29,27.12,8.63,9.27,,2.9,10.04,23.64,6.42,9.07,,182,1043,425,370,1.99,3.57,2.03,12.83,
L,31,N,43,34.5,32.8,1.3,21.07,19.89,10.01,8.02,,2.91,6.03,16.05,8.35,8.49,,249,1059,376,303,1.79,3.18,1.51,19.31,
L,32,N,15,42.4,42,1.34,42.61,39.75,11.34,7.8,,2.95,13.44,34.51,10.02,8.36,,217,1072,389,338,1.92,3.39,1.19,13.18,
L,33,N,18,33,30,1.36,17.01,16.37,9.67,7.98,,2.73,6.44,14.15,7.49,9.02,,164,1039,455,393,1.92,3.39,2.04,13.56,
L,34,N,31,37.6,42.7,1.43,22.58,21.1,8.15,4.61,,3.03,6.72,17.78,7.15,4.62,,236,1070,378,318,2.19,3.47,0.92,15.73,
L,35,N,30,36,30,1.11,16.35,16.06,10.37,9.43,,2.68,4.52,12.75,8.07,9.38,,262,1018,355,281,1.25,2.55,2.07,20.61,
M,1,N,41,38.7,41,1.48,21.44,20.55,11.42,8.62,,3.12,7.32,17.57,10.3,7.94,,193,1043,417,356,2.29,4.06,1.02,14.50,
M,2,N,20,39.7,37.3,1.27,26.48,24.5,7.66,8.13,,2.84,8.68,21,6.1,8.12,,205,1081,413,354,1.74,3.33,1.44,14.29,
M,3,N,41,39.5,39,1.34,30.83,28.71,10.11,6.51,,2.94,9.65,23.65,8.85,6.53,,219,1074,408,336,1.93,3.53,1.14,17.62,
M,4,N,19,37.8,34.7,1.33,27.83,26.52,11.2,8.75,,2.94,8.41,22.64,9.84,9.11,,231,1049,371,317,1.86,3.21,1.22,14.63,
M,5,N,41,38.2,38.7,1.38,28.64,26.93,7.99,9.13,,2.99,9,21.58,6.93,9.19,,218,1063,417,334,2.03,3.73,0.98,19.87,
M,6,N,38,37.1,37.6,1.16,24.27,22.47,9.03,7.93,,2.66,7.31,18.49,7.33,8.54,,232,1080,395,325,1.45,2.80,1.57,17.71,
M,7,N,17,36.4,40.4,1.36,26.49,26.49,9.16,5.02,,2.81,9.82,23.3,7.86,5.96,,170,1000,421,371,1.85,3.33,1.24,12.04,
M,8,N,28,41,41.1,1.21,22.61,21.85,9.19,6.62,,2.76,6.96,18.63,7.96,7.48,,225,1035,374,319,1.52,2.85,1.16,14.74,
M,9,N,37,42.6,41.9,1.17,25.62,23.8,9.82,3.08,,2.65,8.17,20.33,8.52,3.18,,214,1076,402,343,1.47,2.82,1.18,14.58,
M,10,N,30,37.3,35.3,1.12,19.35,19.1,11.38,9.39,,2.66,5.7,15.89,9.23,9.36,,239,1013,359,298,1.27,2.54,1.92,16.81,
M,11,N,43,42.2,40.7,1.43,28.76,26.56,11.25,8.06,,3.07,8.97,22.18,9.93,8.29,,221,1083,404,338,2.21,3.81,1.18,16.49,
M,12,N,12,32.8,30.2,1.08,16.01,14.85,11.73,4.96,,2.48,4.95,12.37,9.63,7.05,,223,1078,400,333,1.26,2.46,2.07,16.70,
M,13,N,30,36.5,33.2,1.17,19.5,18.9,10.9,8.64,,2.73,5.78,15.86,8.75,8.82,,237,1032,364,306,1.41,2.72,1.93,16.08,
M,14,N,43,34.3,36.8,1.36,20.55,19.49,10.19,8.52,,3.06,6.09,16.85,8.8,8.99,,237,1054,361,312,1.95,3.38,1.27,13.55,
M,15,N,38,34.9,35.9,1.19,23.11,21.35,11.29,6.89,,2.76,7.04,17.87,9.75,7.79,,228,1082,394,330,1.53,3.00,1.41,16.30,
M,16,N,34,36.6,34.4,1.25,21.4,20.25,8.74,8.76,,2.78,6.42,17.07,7.08,9.28,,233,1057,376,317,1.65,2.91,1.54,15.70,
M,17,N,34,31.9,29.9,1.32,18.11,16.95,10.18,6.99,,2.87,5.62,14.6,8.76,7.77,,222,1068,385,332,1.86,3.17,1.31,13.86,
M,18,N,28,30.7,30.1,1.38,13.93,13.59,8.05,9.26,,3.02,4.48,11.92,5.97,9.19,,211,1025,376,330,1.95,3.43,1.91,12.29,
M,19,N,28,38.8,40.3,1.21,21.66,20.79,10.71,6.88,,2.8,6.34,17.24,9.31,6.69,,242,1042,368,305,1.53,2.88,1.26,17.08,
M,20,N,20,42.5,43.3,1.21,30.26,27.96,12.03,5.49,,2.72,9.78,23.7,10.46,6.26,,209,1082,413,350,1.58,3.05,1.42,15.24,
M,21,N,23,30.1,31.4,,,,,,missing,,,,,,,,,,,,,,,
M,22,N,15,36.1,37.6,1.29,17.26,15.9,11.53,4.47,,2.83,5.34,13.37,10.35,4.32,,223,1086,399,336,1.81,3.20,1.05,15.91,
M,23,N,41,40.8,40.4,1.4,30.79,28.66,8.7,9.18,,3.14,9.46,22.74,7.19,9.18,,225,1074,416,330,2.11,4.10,1.38,20.66,
M,24,N,30,37.6,32.7,1.33,19.23,19.05,9.34,9.38,,2.95,5.88,15.89,7.75,9.39,,227,1009,370,309,1.79,3.22,1.45,16.59,
M,25,N,31,37.8,38.9,1.31,16.98,15.88,11.08,1.93,,2.8,5.23,13.23,9.66,2.27,,225,1069,395,329,1.83,3.10,1.28,16.69,
M,26,N,24,39.3,38.4,1.16,24.97,23.41,11.47,5.28,,2.61,7.68,20.09,9.77,6.67,,225,1067,382,328,1.44,2.60,1.61,14.18,
M,27,N,36,34.6,31.4,1.25,15.74,15.32,11.48,5.43,,2.73,5.18,13.3,10.2,5.46,,204,1027,389,338,1.61,2.90,1.14,13.19,
M,28,N,20,40.1,40.3,1.27,27.91,25.88,11.21,7.31,,2.78,9.36,22.14,8.44,7.9,,198,1078,423,362,1.74,3.27,2.50,14.45,
M,29,N,23,42.1,38.4,1.23,17.79,17.21,10.46,7.65,,2.8,5.62,14.54,8.67,8.99,,217,1034,387,327,1.56,3.03,1.71,15.51,
M,30,N,43,26.3,26.7,1.32,11.99,11.22,10.38,8.47,,2.86,4.06,9.42,8.71,8.76,,195,1069,431,362,1.86,3.53,1.51,16.04,
M,31,N,20,36.8,39.7,1.22,15.76,14.7,11.58,6.19,,2.67,4.9,12.1,9.99,8.03,,222,1072,405,333,1.60,2.89,1.57,17.69,
M,32,N,24,34.6,30.5,1.16,18.87,17.8,10.54,7.66,,2.59,6.21,15.64,8.67,9.19,,204,1060,397,349,1.43,2.66,1.80,12.13,
M,33,N,12,39.9,38.3,1.14,23.12,21.47,11.4,4.14,,2.5,6.89,17.81,9.89,4.27,,236,1077,387,321,1.40,2.42,1.35,17.05,
M,34,N,45,38.8,39.6,1.31,25.96,24.52,11.32,6.72,,2.88,7.88,20.79,10.03,6.76,,229,1059,379,321,1.82,3.14,1.15,15.21,
M,35,N,37,30.6,30.5,1.22,12.54,11.63,9.19,4.84,,2.57,3.94,9.79,7.39,7.2,,218,1078,402,339,1.60,2.66,1.99,15.82,
N,1,N,36,40.3,35.9,1.25,23.55,22.95,10.25,7.64,,2.76,7.77,19.79,8.48,8.21,,203,1026,393,339,1.60,2.99,1.61,13.77,
N,2,N,12,34,32.4,1.39,21.2,19.77,8.67,8.39,,3.05,6.52,16.86,6.91,9.18,,225,1072,387,330,2.07,3.60,1.65,14.72,
N,3,N,17,39.7,41.1,1.32,22.85,21.75,10.17,6.3,,2.84,7.49,18.87,8.62,6.92,,205,1051,397,344,1.83,3.20,1.42,13.24,
N,4,N,15,44.6,43.1,1.39,40.27,37.33,10.49,6.28,,3.03,12.43,32.06,9.1,7.04,,224,1079,388,333,2.08,3.56,1.28,14.12,
N,5,N,24,39.4,35.7,1.25,24.01,22.01,8.75,7.77,,2.82,7.49,18.98,6.77,9.08,,221,1091,395,340,1.70,3.14,1.93,13.77,
N,6,N,17,33.4,36.4,1.35,19.16,19.45,9.96,8.7,,2.94,6.49,16.83,7.96,9.2,,195,985,386,334,1.80,3.33,1.82,13.47,
N,7,N,20,44.7,44.1,1.23,33.3,31.4,10.36,8.09,,2.78,10.76,26.62,8.11,9.21,,209,1061,404,343,1.60,3.12,2.10,15.22,
N,8,N,43,39.5,41.3,1.34,25.04,23.36,8.81,7.66,,3.01,7.43,18.54,7.2,8,,237,1072,401,318,1.92,3.63,1.48,20.63,
N,9,N,25,30,33,1.37,12.42,11.98,11.34,8.79,,2.99,4.22,10.41,8.95,9.28,,194,1037,405,352,1.95,3.62,2.15,13.11,
N,10,N,12,37.6,36.2,1.16,21.34,19.61,9.44,8.16,,2.78,6.27,16.27,7.47,9.32,,240,1088,385,320,1.46,2.98,1.87,17.03,
N,11,N,17,37.15,30.3,1.38,21.8,21.64,9.7,7.3,,2.9,7.65,19.04,7.96,8.56,,185,1007,402,354,1.92,3.38,1.67,12.01,
N,12,N,45,40.1,44.1,1.15,34.68,32.22,10.39,6.13,,2.61,10.76,27.33,8.31,6.42,,222,1076,394,334,1.42,2.68,1.88,15.18,
N,13,N,15,44.5,47.2,1.26,39.41,36.44,10.82,7.94,,2.92,11.66,30.2,9.45,7.77,,238,1082,386,320,1.72,3.29,1.23,17.12,
N,14,N,36,37.9,37.6,1.3,20.74,19.99,10.43,8.4,,2.84,6.96,17.38,8.21,8.69,,198,1038,400,348,1.75,3.23,2.00,13.06,
N,15,N,34,33,32.2,1.48,12.28,11.57,9.36,9.31,,3.08,4.08,10.16,7.07,8.94,,201,1061,402,353,2.32,3.81,2.09,12.19,
N,16,N,25,37.4,34.4,1.38,19.83,18.22,9.81,7.08,,2.97,6.69,16.01,8.09,9,,196,1088,418,367,2.07,3.69,1.77,12.13,
N,17,N,37,42.1,40.8,1.32,32.19,29.85,9.84,9.41,,2.95,10.11,25.71,8.11,9.32,,218,1078,393,339,1.88,3.42,1.57,13.87,
N,18,N,24,33.3,29.8,1.23,16.71,15.65,10.32,8.31,,2.74,5.45,13.33,7.7,9.25,,207,1068,409,348,1.62,3.07,2.41,14.82,
N,19,N,25,31.8,31.9,1.34,15.8,14.66,8.88,7.13,,2.84,5.21,12.6,7.44,8.45,,203,1078,413,355,1.94,3.34,1.42,14.05,
N,20,N,38,37.4,42,1.27,25.19,23.23,11.31,7.85,,2.76,7.92,19.8,9.23,9.17,,218,1084,400,341,1.75,3.05,1.94,14.77,
N,21,N,25,31.1,31.8,1.34,18.85,17.5,8.85,8.5,,2.9,6.11,15.09,6.92,8.83,,209,1077,405,349,1.93,3.41,1.77,13.77,
N,22,N,24,40.6,40.3,1.19,27,25.07,9.94,4.78,,2.69,8.28,21.48,8.32,5.1,,226,1077,385,330,1.53,2.79,1.47,14.32,
N,23,N,15,37.4,40.7,1.4,29.14,26.89,11.1,7.09,,3.09,8.86,22.78,9.54,8.13,,229,1084,389,329,2.12,3.71,1.45,15.28,
N,24,N,25,31.1,32,1.43,10.99,10.42,9.9,8.1,,3.03,3.6,8.92,8.33,9.28,,205,1055,404,345,2.16,3.71,1.50,14.40,
N,25,N,20,37.9,33.5,1.28,23.43,21.69,8.75,8.23,,2.76,7.69,18.13,6.25,8.93,,205,1080,424,355,1.77,3.23,2.32,16.41,
N,26,N,45,42.2,40,1.3,31.21,30.26,9.74,8,,2.88,10.31,26.58,7.52,9.33,,203,1031,388,341,1.74,3.22,2.12,12.16,
N,27,N,20,42,42.3,1.17,23.16,21.29,9.87,3.86,,2.59,7.26,18.13,7.97,4.73,,219,1088,400,341,1.49,2.69,1.76,14.84,
N,28,N,31,37.4,35.8,1.44,19.84,18.8,10.02,7.28,,3,6.02,15.92,8.49,7.36,,230,1055,378,320,2.19,3.40,1.38,15.32,
N,29,N,18,34.2,35.1,1.51,20.44,21.14,8.6,8.79,,3.18,7.36,18.71,6.57,9.17,,178,967,393,348,2.20,3.98,1.87,11.49,
N,30,N,24,38.8,34.2,1.25,20.43,19,10.51,8.89,,2.8,6.8,16.17,7.79,9.42,,200,1075,421,358,1.68,3.30,2.46,14.89,
N,31,N,24,37,33.8,1.27,20.22,19.04,10.62,8.51,,2.84,6.52,16.49,8.97,9.02,,210,1062,395,342,1.71,3.19,1.50,13.39,
N,32,N,25,35.7,36.9,1.35,18.62,17.23,10.39,4.82,,2.95,5.89,14.37,9.14,4.87,,216,1081,410,342,1.97,3.57,1.13,16.60,
N,33,N,15,40.7,41.7,1.41,30.04,28.15,9.53,5.77,,3.03,9.72,24.3,8.29,6.75,,209,1067,400,345,2.12,3.67,1.18,13.68,
N,34,N,25,37,39.6,1.37,21.31,19.9,10.07,4.07,,2.94,6.89,16.96,8.77,5.11,,209,1071,406,346,2.01,3.51,1.23,14.77,
N,35,N,31,42.9,44.6,1.34,25.61,24.04,10.35,5.48,,2.98,7.82,20.28,9.09,5.27,,227,1065,386,325,1.91,3.42,1.14,15.64,
O,1,N,13,37.6,37.4,1.32,18.34,17.15,8.76,4.01,,2.85,5.66,15.01,7.73,4.71,,224,1069,377,330,1.86,3.06,0.97,12.48,
O,2,N,23,40.9,46.6,1.28,28.61,27.19,8.2,8.7,,2.81,9.37,22.83,6.65,9.25,,205,1052,410,345,1.72,3.24,1.45,16.04,
O,3,N,30,34.8,35.5,1.35,20.49,20.11,8.65,9.06,,2.96,6.54,17.35,6.63,9.25,,213,1019,377,325,1.86,3.30,1.85,13.72,
O,4,N,41,41.5,40.5,1.25,32.09,30.34,8.99,8.05,,2.82,9.26,25.2,7.57,8.13,,247,1058,367,305,1.65,2.92,1.30,16.94,
O,5,N,28,44.9,45.8,1.25,38.29,37.12,9.59,7.65,,2.79,11.44,31.88,8.20,7.77,,235,1032,359,308,1.61,2.79,1.26,14.12,
O,6,N,19,37.5,40.9,1.37,25.88,25.13,9.88,5.67,,2.84,8.55,21.94,8.66,6.62,,203,1030,390,340,1.93,3.14,1.15,12.69,
O,7,N,36,38.3,37.6,1.22,16.96,16.18,5.63,3.43,,2.75,5.42,13.54,4.35,3.26,,213,1048,400,335,1.56,3.03,1.21,16.32,
O,8,N,36,34.3,32.4,1.23,19.13,19.12,8.83,8.71,,2.63,6.61,16.55,6.89,9.24,,189,1001,399,346,1.51,2.76,1.79,13.44,
O,9,N,20,40,40.8,1.28,28.23,26.48,7.12,7.47,,2.79,9.08,22.01,5.14,7.87,,211,1066,413,343,1.75,3.21,1.85,16.88,
O,10,N,31,42.6,39.3,1.35,28.14,26.19,10.39,8.57,,3.05,9.29,22.47,9.04,8.97,,203,1074,413,355,1.96,3.85,1.22,14.20,
O,11,N,13,37.2,34.6,1.18,22.16,21.27,10.27,6.37,,2.64,6.85,17.84,8.72,7.13,,224,1042,384,322,1.45,2.68,1.43,16.13,
O,12,N,19,35.8,38,1.48,21.39,21.04,8.64,7.09,,3.2,6.87,18.17,7.71,7.84,,211,1017,378,327,2.23,3.87,0.88,13.64,
O,13,N,45,34.1,32.4,1.28,21.15,21.17,8.72,9.11,,2.74,7.39,18.54,6.56,9.34,,186,999,399,349,1.64,2.99,1.98,12.42,
O,14,N,12,31.4,31,1.32,19,17.81,7.48,7.16,,2.81,6.1,15.06,5.98,9.13,,211,1067,405,343,1.86,3.20,1.70,15.44,
O,15,N,19,35.3,38.4,1.3,21.78,21.37,8.42,8.24,,2.97,6.42,17.53,6.61,9.29,,239,1019,366,300,1.72,3.23,1.74,17.97,
O,16,N,12,37.7,34.2,1.16,21.53,20.27,10.7,3.5,,2.67,6.77,17.45,9.17,3.93,,218,1062,388,334,1.43,2.77,1.38,13.91,
O,17,N,41,41.3,41.8,1.27,40.87,38.1,8.75,6.35,,2.73,13.56,32.22,7.25,5.83,,201,1073,421,356,1.73,3.14,1.39,15.43,
O,18,N,43,44.8,42.5,1.34,39.82,37.34,8.83,7.3,,2.84,13.22,31.63,7.48,7.8,,201,1066,418,354,1.91,3.37,1.25,15.29,
O,19,N,37,39,36.7,1.27,24.9,23.52,8.59,9.23,,2.82,7.77,19.25,6.73,9.29,,220,1059,404,330,1.71,3.21,1.70,18.15,
O,20,N,23,39.4,39.2,1.23,27.7,26.53,10.03,5.66,,2.73,9.05,22.6,8.46,6.96,,206,1044,400,341,1.58,2.98,1.51,14.81,
O,21,N,37,40.9,37.4,1.27,32.57,30.58,11.5,6.79,,2.69,10.8,26.43,9.76,8.16,,202,1065,409,353,1.72,2.96,1.64,13.57,
O,22,N,36,35.3,34,1.22,21.03,20.04,8.59,8.74,,2.76,6.61,16.53,6.77,9.23,,218,1049,400,330,1.56,3.05,1.68,17.51,
O,23,N,24,38.8,38.8,1.21,25.18,23.9,9.17,6.43,,2.63,8.33,20.75,7.62,7.81,,202,1054,401,349,1.54,2.78,1.53,13.18,
O,24,N,28,44.6,43,1.18,34.38,32.92,8.92,5.88,,2.65,10.26,27.53,7.52,5.75,,235,1044,373,312,1.45,2.62,1.28,16.37,
O,25,N,37,38.9,38.9,1.21,25.8,24.14,7.03,5.06,,2.59,7.68,19.9,5.33,4.6,,236,1069,386,318,1.56,2.59,1.60,17.56,
O,26,N,28,41,43.4,1.25,24.97,25,9.42,7.67,,2.71,8.07,22.07,8.03,8.5,,209,999,366,323,1.56,2.69,1.30,11.72,
O,27,N,24,35.3,32.4,1.27,25.75,24.23,9.45,7,,2.71,8.52,21.2,7.9,8.59,,202,1063,402,352,1.71,2.95,1.56,12.51,
O,28,N,45,40.8,39.3,1.09,21.13,20.07,8,4.04,,2.38,7.3,17.64,6.55,5.82,,189,1053,414,364,1.25,2.34,1.56,12.11,
O,29,N,13,31.8,28.8,1.14,15.14,14.46,9.35,7.52,,2.59,4.83,12.49,7.33,8.56,,213,1047,387,334,1.36,2.59,1.90,13.62,
O,30,N,17,37.9,42,1.53,37.73,36.51,8.38,6.02,,3.01,14.13,30.6,7.35,7.41,,167,1033,462,387,2.42,4.18,1.07,16.19,
O,31,N,25,40.8,40.6,1.46,26.83,25.4,8.68,8.33,,3.03,9.27,21.74,7.23,8.91,,189,1056,426,365,2.25,3.91,1.35,14.41,
O,32,N,28,38.5,36.9,1.3,23.9,22.79,8.36,9.25,,2.93,7.13,18.81,6.34,9.39,,235,1049,379,313,1.77,3.25,1.86,17.46,
O,33,N,37,40.5,38.4,1.32,25.19,23.48,9.06,8.5,,2.95,7.77,19.77,7.83,8.41,,224,1073,393,331,1.87,3.42,1.12,15.80,
O,34,N,12,38.1,32.5,1.41,20.52,19.48,8.91,8.97,,2.99,6.58,16.62,7.04,9.4,,212,1053,396,338,2.09,3.54,1.72,14.68,
O,35,N,17,38.5,38.8,1.28,30.04,28.84,9.4,4.84,,2.67,10.2,25.24,8.09,5.96,,195,1042,404,354,1.71,2.88,1.26,12.48,
P,1,N,20,35.9,35.6,1.18,20.1,18.53,12.48,3.81,,2.73,6.21,15.04,10.86,4.13,,224,1085,413,335,1.51,3.08,1.44,18.83,
P,2,N,18,37.3,41.8,,,,,,missing,,,,,,,,,,,,,,,
P,3,N,20,42,39.4,1.24,24.53,22.79,12.2,5.54,,2.78,7.9,19.05,10.71,6.6,,211,1076,415,347,1.65,3.20,1.37,16.41,
P,4,N,38,41,29.1,1.14,21.58,20.84,9.92,5.84,,2.58,7.15,18.17,8.27,7.06,,202,1036,394,343,1.35,2.62,1.57,12.81,
P,5,N,20,38.9,39.2,1.2,24.47,22.44,11.9,8.19,,2.76,7.83,18.92,10.03,8.78,,213,1090,414,349,1.57,3.15,1.68,15.69,
P,6,N,34,42.3,39.1,1.2,21.33,20.36,11.97,7.34,,2.85,6.17,17.01,10.38,9.33,,246,1048,363,303,1.51,2.95,1.58,16.45,
P,7,N,31,37,34,1.33,21.8,20.17,10.09,5.87,,2.97,6.87,17.32,8.88,6.51,,217,1081,397,341,1.91,3.50,1.11,14.13,
P,8,N,31,34.8,34,1.46,11.42,10.48,12.56,6.55,,3.09,3.33,8.52,11.49,6.47,,243,1090,391,318,2.32,3.73,0.95,18.70,
P,9,N,17,42,42.6,1.24,24.82,23.44,9.93,6.28,,2.83,7.76,19.39,8.35,5.84,,220,1059,400,331,1.63,3.21,1.44,17.28,
P,10,N,25,35.4,38.5,1.29,18.6,17.13,12.68,5.76,,2.89,5.96,14.46,11.4,5.98,,212,1086,412,348,1.81,3.44,1.13,15.59,
P,11,N,18,35.4,39.5,1.43,22.77,21.55,11.04,8.86,,3.12,7.51,18.76,9.57,9.28,,203,1057,400,348,2.16,3.90,1.32,12.95,
P,12,N,18,35.3,39.5,1.31,20,18.93,12.45,7.71,,2.96,6.25,15.28,11.13,7.59,,220,1057,409,330,1.81,3.58,1.17,19.28,
P,13,N,38,38.1,35,1.333,30.54,28.1,11.76,9.01,,2.95,10.02,24.4,10.07,9.17,,205,1087,411,357,1.93,3.57,1.51,13.17,
P,14,N,17,37.7,35,1.35,22,21.57,12.6,8.12,,2.93,7.67,18.81,11.11,8.31,,187,1020,408,356,1.86,3.50,1.32,12.80,
P,15,N,28,35.8,37.2,1.24,23.35,23.38,12.19,8.25,,2.77,7.65,20.02,10.69,8.76,,205,999,382,327,1.54,2.93,1.34,14.37,
P,16,N,28,37.7,35.7,1.18,26.71,25.46,11.99,8.93,,2.81,7.84,21.3,10.38,9.12,,241,1049,368,308,1.46,2.91,1.43,16.34,
P,17,N,28,39.4,40.2,1.11,23.57,22.32,9.36,7.66,,2.59,7.08,18.76,7.58,8.02,,233,1056,377,317,1.30,2.53,1.63,15.95,
P,18,N,20,42.5,42.5,1.2,30.93,28.32,10.82,5.73,,2.69,10.04,23.86,9,7.01,,208,1092,421,355,1.57,3.04,1.72,15.75,
P,19,N,15,38.2,40.2,1.37,22.39,20.48,12.41,8.48,,3.1,6.92,16.25,11.32,8.46,,224,1093,426,338,2.05,4.09,0.96,20.65,
P,20,N,41,39.7,38.3,1.28,34.52,32.59,10.83,7.94,,2.87,10.59,27.09,9.44,8.14,,226,1059,391,325,1.74,3.22,1.25,16.88,
P,21,N,12,37.8,33.2,1.24,16.56,15.46,9.68,7.84,,2.79,5.28,13.22,8.1,8.6,,214,1071,399,342,1.65,3.11,1.47,14.49,
P,22,N,41,42.8,41.8,1.28,29.19,27.25,12.85,7.91,,3.03,8.3,22.82,11.52,8.24,,252,1071,364,305,1.76,3.34,1.18,16.26,
P,23,N,12,35.3,36,1.29,18.85,17.87,9.92,8.27,,2.91,5.9,15.09,8.63,9.28,,219,1055,391,330,1.76,3.31,1.22,15.56,
P,24,N,43,37.2,37.6,1.29,16.66,15.67,12.56,8.18,,2.94,4.42,12.67,11.34,8.05,,277,1063,349,282,1.77,3.02,1.08,19.14,
P,25,N,19,36.7,38,1.28,24.15,23.84,11.75,7.39,,2.81,7.37,20.48,10.36,7.9,,228,1013,360,309,1.66,2.84,1.25,14.09,
P,26,N,19,37,32,1.33,21.47,20.87,10.91,9.07,,3.03,6.45,17.1,9.49,9.24,,233,1029,377,309,1.82,3.46,1.27,18.06,
P,27,N,23,35.4,36.4,1.16,22.65,21.24,10.57,8.16,,2.81,7.07,17.77,9.56,9.34,,220,1066,398,333,1.43,3.14,0.97,16.34,
P,28,N,13,38.2,36.5,1.11,29.05,27.6,10.2,5.7,,2.64,8.68,22.93,8.55,5.94,,235,1053,379,314,1.30,2.64,1.49,16.92,
P,29,N,38,38.5,38,1.28,19.86,18.48,11.44,8.4,,2.87,6.47,15.89,9.83,9.29,,207,1075,407,350,1.76,3.35,1.47,14.02,
P,30,N,20,38.7,40.3,1.26,29.38,27.58,12.29,7.28,,2.87,9.56,23.66,10.68,8.15,,207,1065,404,347,1.69,3.33,1.46,14.21,
P,31,N,31,39,43.4,1.37,23.96,22.26,10.45,7.31,,3.03,7.07,18.8,9.25,7.78,,239,1076,376,318,2.02,3.45,1.09,15.54,
P,32,N,12,34.7,31.34,1.26,22.92,21.27,10.36,2.54,,2.85,6.76,17.85,9.17,3.26,,239,1078,379,318,1.71,3.08,1.10,16.08,
P,33,N,24,40.1,37,1.33,24.61,22.91,11.6,6.82,,2.95,7.93,20.08,10.22,7.61,,210,1074,395,346,1.90,3.44,1.26,12.35,
P,34,N,41,44.5,41.2,1.33,43.1,40.7,12.2,8.8,,3.1,12.61,35.1,10.44,9.41,,242,1059,359,310,1.87,3.45,1.58,13.76,
P,35,N,19,30.8,32.16,1.43,13.15,13.07,11.81,8.4,,3.14,4.3,10.79,9.99,7.67,,206,1006,399,329,2.06,3.93,1.64,17.44,
Q,1,N,38,37,36.1,1.24,22.34,20.9,8.71,8.04,,2.73,7.32,18.08,6.91,9.39,,205,1069,405,350,1.64,3.02,1.77,13.49,
Q,2,N,43,41,40,1.39,31.33,29.28,8.8,8.54,,3.05,9.65,24.29,7.37,8.87,,225,1070,397,330,2.07,3.70,1.31,17.04,
Q,3,N,13,35.8,35.2,1.23,17.06,15.89,8.68,8.82,,2.86,4.98,13.34,7.2,9.01,,243,1074,373,313,1.62,3.05,1.36,16.05,
Q,4,N,20,30,22.5,1.31,13.18,12.23,10.99,9.23,,2.71,4.2,10.13,8.02,9.28,,214,1078,415,343,1.85,4.27,2.66,17.17,
Q,5,N,38,35,34.7,1.23,16.78,15.51,8.26,6.85,,2.73,5.42,13.21,6.59,7.8,,210,1082,410,349,1.64,3.06,1.60,14.83,
Q,6,N,12,34.3,34.2,1.26,26.07,24.19,8.32,8.05,,2.79,7.73,20.23,6.33,9.33,,237,1078,382,320,1.71,2.97,1.95,16.37,
Q,7,N,43,39.4,40.4,1.25,24.36,23.13,8.77,7,,2.95,6.55,18.83,7.43,7.14,,272,1053,348,283,1.65,3.03,1.23,18.59,
Q,8,N,17,36.5,36.9,1.41,20.22,19.85,8.71,9.23,,2.97,6.68,17.35,7.32,8.81,,203,1019,385,337,2.03,3.40,1.28,12.59,
Q,9,N,31,40.1,42.2,1.53,26.01,24.62,10.14,7.97,,3.16,8.26,21.54,9.02,8.48,,215,1056,383,335,2.47,3.83,1.02,12.51,
Q,10,N,13,37.7,34.2,1.19,16.88,15.68,9.02,8.29,,2.78,4.94,13.26,7.45,8.96,,242,1077,373,315,1.52,2.88,1.46,15.43,
Q,11,N,19,33.3,30.3,1.19,23.18,22.2,8.53,4.51,,2.56,7.45,19.46,7.27,4.94,,211,1044,383,336,1.48,2.51,1.17,12.34,
Q,12,N,15,35.8,35.2,1.3,21.05,20.01,9.23,8.37,,2.88,6.65,17.15,7.78,9.05,,217,1052,388,332,1.78,3.22,1.35,14.29,
Q,13,N,20,37.1,35.3,1.27,23.66,22.03,9.84,3.61,,2.59,7.8,19.16,8.28,4.61,,203,1074,407,354,1.73,2.73,1.47,13.03,
Q,14,N,20,41.8,42.3,1.27,29.52,27.17,8.75,7.8,,2.76,9.79,22.43,6.84,8.49,,202,1086,436,360,1.75,3.32,1.78,17.45,
Q,15,N,37,43.5,43.4,1.26,34.99,32.32,9.04,5.12,,2.85,10.62,27.62,7.84,4.61,,229,1083,385,329,1.72,3.12,1.11,14.54,
Q,16,N,13,35.3,31.1,1.16,16.51,15.16,9.5,7.81,,2.67,5.04,13.1,7.33,8.6,,228,1089,385,332,1.47,2.74,2.01,13.59,
Q,17,N,13,34.7,31,1.14,17.55,17.26,8.75,5.53,,2.51,5.79,15.04,6.67,3.87,,203,1017,385,335,1.32,2.43,2.09,12.86,
Q,18,N,19,42.4,42,1.25,33.03,30.87,10.12,9,,2.94,9.43,26.15,8.7,9.36,,250,1070,361,305,1.67,3.12,1.29,15.29,
Q,19,N,43,42.1,41,1.3,30.04,28.31,8.5,8.47,,2.95,8.79,23.61,6.82,9.03,,242,1061,372,310,1.79,3.24,1.56,16.60,
Q,20,N,18,37.2,36.6,1.42,20.61,20.71,8.44,8.41,,3.07,6.96,17.98,7.07,9.31,,196,995,387,336,2.01,3.65,1.31,13.18,
Q,21,N,19,38.5,37.1,1.34,23.94,23.84,8.81,8.98,,3.05,7.1,19.83,7.45,9.35,,237,1004,358,298,1.80,3.33,1.25,16.82,
Q,22,N,19,37,36,1.26,26.21,25.73,8.25,5.05,,2.78,8.06,22.4,7.04,5.82,,225,1019,360,313,1.62,2.78,1.15,12.94,
Q,23,N,34,32.7,26.4,1.19,13.95,13.29,8.87,7.35,,2.55,4.64,11.68,6.93,9.16,,201,1050,397,349,1.49,2.58,1.99,12.11,
Q,24,N,37,42.5,39.4,1.42,33.05,31.44,9.91,5.96,,2.99,10.82,27.52,8.84,6.54,,205,1051,393,344,2.12,3.51,0.99,12.47,
Q,25,N,12,36.8,36.7,1.28,21.21,20.62,8.83,5.27,,2.71,6.49,17.23,7.21,6.64,,227,1029,377,315,1.69,2.77,1.60,16.44,
Q,26,N,20,40.7,40.5,1.28,27.41,25.46,8.55,6.54,,2.81,8.78,21.56,7,8.73,,212,1077,407,345,1.76,3.22,1.74,15.32,
Q,27,N,34,34.7,31.25,1.34,16.57,15.44,8.28,8.98,,2.87,5.32,13.26,5.99,9.24,,211,1073,401,345,1.93,3.30,2.11,14.12,
Q,28,N,25,34.1,35.2,1.51,18.22,17.4,9.03,8.85,,3.19,6.51,15.48,6.95,9.33,,180,1047,421,374,2.39,4.36,1.91,11.03,
Q,29,N,41,42.5,40.4,1.32,37.72,35.28,9.86,8.94,,3.03,10.76,29.58,8.47,8.72,,251,1069,364,305,1.86,3.34,1.26,16.16,
Q,30,N,12,36,34.3,1.28,21.13,19.59,11.09,7.94,,2.83,6.37,16.45,9.4,9.39,,232,1079,387,325,1.77,3.10,1.61,16.03,
Q,31,N,17,37.7,38.8,1.37,24.78,24.22,8.5,6.85,,2.88,8.57,20.62,7.27,7.13,,189,1023,416,354,1.92,3.45,1.13,14.86,
Q,32,N,38,40.8,38.6,1.28,27.62,25.46,8.14,6.53,,2.74,8.59,21.83,6.47,7.09,,222,1085,393,337,1.78,2.95,1.56,14.26,
Q,33,N,23,43.3,43,1.32,34.62,33.58,8.59,8.42,,2.87,11.74,28.72,6.93,9.33,,195,1031,409,350,1.80,3.37,1.58,14.47,
Q,34,N,18,36.1,39.2,1.36,26.94,25.55,10,9.02,,3.03,8.51,21.89,8.51,9.41,,217,1054,389,333,1.95,3.57,1.36,14.32,
Q,35,N,34,32.3,29.7,1.26,20.37,19.34,10.56,4.62,,2.81,6.34,16.89,9.11,5.07,,221,1053,375,328,1.67,2.96,1.31,12.67,
R,1,N,45,36.9,39.6,1.21,18.9,18.1,11.41,8.79,,2.7,6.12,15.76,9.65,8.14,,209,1044,388,338,1.53,2.83,1.59,12.93,
R,2,N,31,38.9,41.1,1.44,27.5,25.63,10.18,9.35,,3.25,8.39,22.08,8.4,9.44,,228,1073,380,327,2.22,4.01,1.61,13.85,
R,3,N,34,36.3,35.5,1.3,20.32,18.95,11.54,5.62,,2.79,6.25,16.62,10.19,6.06,,225,1072,376,330,1.81,2.93,1.21,12.30,
R,4,N,43,41,38.9,1.42,26.86,24.89,9.93,8.85,,3.08,8.67,21.11,8.61,9.1,,210,1079,411,348,2.18,3.90,1.20,15.19,
R,5,N,34,32.2,33.7,1.31,17.45,16.74,9.86,7.07,,2.78,5.71,14.81,8.11,8.65,,206,1042,386,341,1.79,2.98,1.72,11.53,
R,6,N,23,40.3,39.4,1.19,25.11,23.76,9.67,7.4,,2.67,8.35,20.44,7.73,9.29,,201,1057,409,351,1.50,2.91,1.97,13.97,
R,7,N,25,22.9,20.8,,,,,,round,,,,,,,,,,,,,,,
R,8,N,12,44.1,39.6,1.26,36.34,33.72,10.09,6.34,,2.89,11.23,28.78,8.34,5.99,,224,1078,390,333,1.71,3.26,1.59,14.65,
R,9,N,30,44.3,39.7,1.17,26.74,26.02,10.68,7.49,,2.73,7.82,21.75,9.08,7.53,,242,1028,360,301,1.41,2.68,1.44,16.41,
R,10,N,38,23.8,23.4,1.24,10.06,9.2,12.17,5.91,,2.47,3.63,8.01,10.54,5.03,,177,1093,453,395,1.68,,1.48,12.93,
R,11,N,41,38.7,41.6,1.3,23.74,22.66,9.63,6.84,,2.86,6.84,19.41,8.32,7.69,,247,1048,352,302,1.77,2.88,1.23,14.34,
R,12,N,25,37.7,36.9,1.47,27.65,25.47,9.8,6.96,,3.1,9.21,22.33,8.45,8,,200,1086,412,362,2.35,3.96,1.28,12.33,
R,13,N,28,40.3,43.8,1.22,25.3,24.03,11.66,5.18,,2.85,7.32,20.27,10.33,5.4,,246,1053,361,305,1.57,2.93,1.19,15.65,
R,14,N,41,41.5,43.1,1.44,34.1,32.27,12.47,8.67,,3.21,10.02,27.81,11.07,8.95,,240,1057,360,311,2.19,3.71,1.24,13.82,
R,15,N,25,33.6,34.8,1.49,21.05,19.96,10.18,9.28,,3.23,6.82,17.34,8.59,9.46,,209,1055,393,342,2.34,4.10,1.44,13.13,
R,16,N,41,44.6,44,1.37,38.14,35.97,9.91,6.68,,2.9,12.28,30.55,8.63,6.32,,211,1060,402,341,1.99,3.38,1.17,15.07,
R,17,N,20,36.7,38.7,1.21,17.48,16.21,10.12,5.23,,2.75,5.54,13.66,8.65,6.34,,216,1078,406,342,1.58,3.07,1.39,15.73,
R,18,N,41,38.7,38.2,1.37,27.43,25.17,10.19,9.3,,3.02,8.63,20.38,8.3,9.34,,218,1090,423,343,2.05,3.86,1.71,19.03,
R,19,N,17,37,36.7,1.33,26.85,27.26,11.46,7.26,,2.77,9.52,24.34,9.7,8.67,,182,985,391,349,1.74,3.00,1.66,10.71,
R,20,N,37,43.7,41.4,1.26,36.05,33.34,9.63,4.93,,2.75,11.45,28.67,8.25,4.36,,215,1081,399,343,1.72,3.02,1.27,14.01,
R,21,N,38,32.9,28.6,1.24,14.38,13.22,10.07,8.75,,2.76,4.68,11.64,8.3,8.89,,207,1088,402,354,1.67,3.06,1.60,11.95,
R,22,N,17,39.7,43.3,1.44,35.03,33.93,12.58,8.07,,2.95,12.68,30.13,10.72,9.12,,176,1032,421,374,2.14,3.66,1.69,11.20,
R,23,N,43,40.8,41.3,1.21,22.27,21.04,10.65,5.97,,2.8,6.36,17.76,9.07,6.17,,250,1058,358,302,1.55,2.81,1.42,15.59,
R,24,N,38,35.8,34.3,1.3,19.37,18.15,11.23,5.81,,2.83,6.1,15.82,10.01,6.9,,218,1067,386,336,1.80,3.09,1.14,12.84,
R,25,N,43,42.5,42.7,1.37,36.08,33.56,9.99,7.25,,2.98,11.35,27.9,8.69,7.26,,218,1075,407,338,2.02,3.61,1.18,16.87,
R,26,N,41,40.6,40,1.37,27.51,25.99,9.31,8.79,,3.01,8.89,21.68,7.85,8.9,,209,1058,410,342,1.99,3.72,1.33,16.58,
R,27,N,45,41.1,39.9,1.08,21.39,20.11,11.24,2,,2.43,6.89,17.56,9.51,3.4,,210,1064,392,343,1.24,2.32,1.64,12.68,
R,28,N,30,40.5,37,1.15,28.22,27.66,9.82,6.7,,2.59,8.87,23.86,7.97,7.36,,218,1020,372,321,1.35,2.49,1.70,13.74,
R,29,N,37,44.9,42.7,1.35,26.87,24.76,11.78,6.03,,2.88,8.69,21.28,10.35,6.5,,209,1085,408,351,1.98,3.39,1.28,14.05,
R,30,N,15,37.4,36.8,1.31,23.28,21.58,11.83,8.27,,2.91,7.24,18.58,10.38,9.2,,222,1079,390,335,1.85,3.30,1.33,13.90,
R,31,N,19,33.9,34.7,1.4,18.31,17.53,12.43,9.48,,3.2,5.35,14.9,10.47,9.43,,242,1044,359,305,2.05,3.68,1.73,15.00,
R,32,N,41,31.1,32.1,1.37,16.64,15.4,11.08,7.91,,2.91,5.63,13.53,9.31,8.76,,196,1081,416,366,2.03,3.52,1.62,12.14,
R,33,N,13,33.8,31.3,1.15,15.9,15.59,10.12,7.08,,2.7,4.97,13.62,8.92,7.77,,220,1020,365,319,1.35,2.66,1.11,12.64,
R,34,N,43,44.5,38.4,1.26,28.33,26.64,9.89,8.22,,2.91,7.97,21.92,8.36,8.12,,255,1063,364,299,1.69,3.08,1.39,17.72,
R,35,N,43,42.2,39.4,1.31,32.29,30.6,9.93,7.9,,2.91,9.55,26.04,8.42,8.63,,238,1055,367,312,1.81,3.11,1.39,14.90,
S,1,N,24,39.5,36.2,1.32,26.8,25,10.14,8.42,,2.84,9,21.83,8.21,9.33,,198,1072,412,360,1.87,3.33,1.79,12.68,
S,2,N,17,32.8,33.5,1.48,22.36,21.85,9.95,8.92,,3.11,7.71,19.07,8.49,8.87,,190,1023,404,353,2.24,3.91,1.32,12.72,
S,3,N,45,40.2,37.9,1.28,30.11,29.07,12.34,9.24,,2.8,10.12,25.71,10.4,9.23,,198,1036,394,348,1.70,3.09,1.72,11.56,
S,4,N,23,45.6,44.7,1.16,47.74,45.12,8.38,3.34,,2.67,14.52,37.8,6.81,2.79,,229,1058,384,322,1.42,2.74,1.46,16.22,
S,5,N,13,37.8,38.8,1.19,28.12,26.17,9.67,5.37,,2.67,9,22.9,7.93,6.92,,212,1075,393,344,1.52,2.80,1.72,12.50,
S,6,N,43,43.4,41.8,1.3,43.31,40.57,12.66,7.69,,2.91,13.46,33.37,11.15,7.77,,222,1068,403,332,1.80,3.42,1.33,17.75,
S,7,N,18,35.3,39.3,1.46,27.65,26.09,10.03,4.11,,2.95,9.95,22.92,8.57,4.33,,178,1060,434,381,2.26,3.78,1.32,12.15,
S,8,N,41,40.8,39.8,1.35,27.66,26.1,10.29,7.35,,3.24,7.97,22.14,9.29,7.25,,247,1060,360,305,1.93,3.78,0.90,15.17,
S,9,N,43,42.1,40.4,1.35,27.96,26.31,8.83,7.98,,2.94,8.79,21.57,7.13,9,,218,1063,408,334,1.94,3.52,1.62,18.02,
S,10,N,41,39.6,39.8,1.34,31.34,29.06,11.14,6.18,,2.94,9.98,24.27,9.85,6.41,,214,1078,411,343,1.94,3.55,1.16,16.48,
S,11,N,34,30.7,29.7,1.3,17.58,17.53,10.37,9.05,,2.81,5.63,15.22,8.34,9.24,,212,1003,370,321,1.69,2.92,1.83,13.18,
S,12,N,41,40.3,43.9,1.28,24.83,23.148,11.63,4.36,,2.99,6.75,18.37,10.14,3.05,,268,1073,367,292,1.76,3.29,1.40,20.64,
S,13,N,43,42.4,39.9,1.42,38.62,35.9,11.16,6.81,,3.06,12.29,30.09,9.71,8.2,,214,1076,408,342,2.17,3.82,1.39,16.18,
S,14,N,18,33.3,35.8,1.34,18.8,18.44,11.49,8.52,,2.95,6.28,15.88,10.03,9.09,,199,1020,395,341,1.83,3.44,1.32,13.88,
S,15,N,45,39.7,38.2,1.16,26.85,28.19,8.83,5.08,,2.63,8.27,21.53,7.43,5.37,,225,952,384,293,1.28,2.66,1.28,23.63,
S,16,N,17,41.2,42,1.42,29.9,28.98,12.73,7.01,,2.97,10.36,25.5,11.32,8.08,,189,1032,406,357,2.08,3.58,1.29,12.01,
S,17,N,36,37.1,30.6,1.19,18.77,18.16,10.3,7.54,,2.72,5.87,15.24,8.95,8.33,,220,1034,385,323,1.46,2.85,1.25,16.08,
S,18,N,38,41.5,36,1.28,21.47,19.69,12.31,8.52,,2.83,6.94,17.16,10.9,8.83,,209,1090,404,352,1.79,3.24,1.25,12.85,
S,19,N,18,36.9,34.5,1.41,20.57,21.3,9,7.07,,3.01,6.99,18.8,7.77,7.55,,194,966,372,328,1.92,3.37,1.14,11.74,
S,20,N,25,37.3,32,1.35,23.92,22.2,11.38,8.33,,2.92,8.19,19.56,9.65,8.32,,192,1077,419,369,1.96,3.57,1.54,11.89,
S,21,N,36,37.5,32.5,1.28,21.06,20.19,12.29,6.39,,2.64,6.97,17.28,10.86,6.92,,202,1043,403,345,1.71,2.81,1.28,14.41,
S,22,N,31,38.3,36.3,1.46,24,22.33,10.33,8.62,,3.27,7.41,19.04,8.59,7.86,,224,1075,389,332,2.29,4.16,1.60,14.73,
S,23,N,36,34.7,30.4,1.32,18.65,17.94,11.27,9.04,,2.87,6.27,15.22,9.62,8.5,,197,1040,412,349,1.81,3.39,1.49,15.16,
S,24,N,24,38.2,34.6,1.14,26.21,24.34,10.1,6.35,,2.56,8.38,21.31,8.32,7.03,,213,1077,393,344,1.40,2.58,1.63,12.45,
S,25,N,28,40.9,36.2,1.11,21.8,20.59,10.68,4.81,,2.64,6.29,17.07,9.2,4.13,,247,1059,368,305,1.30,2.57,1.35,17.10,
S,26,N,30,35.8,32.1,1.09,18.43,18.09,11.72,8.17,,2.65,5.2,14.5,9.75,8.5,,254,1019,359,287,1.21,2.52,1.76,19.85,
S,27,N,31,49.1,47,1.32,38.58,35.95,10.42,7.6,,2.97,11.67,30.42,9.13,7.51,,231,1073,384,325,1.87,3.38,1.16,15.38,
S,28,N,19,32.8,31.5,1.27,17.16,16.96,11.47,7.9,,2.79,5.26,14.4,9.89,8.93,,226,1012,365,310,1.63,2.84,1.46,15.09,
S,29,N,36,37.6,32.8,1.21,22.6,21.99,12.31,7.76,,2.66,7.4,18.92,10.7,8.14,,205,1028,391,337,1.50,2.77,1.43,13.96,
S,30,N,30,36.6,35.1,1.3,19.11,19.75,10.03,8.3,,2.91,6.01,16.97,8.44,9.25,,218,968,354,304,1.64,3.00,1.49,14.08,
S,31,N,30,41.7,34.4,1.04,24.19,24.01,9.2,6.84,,2.49,6.97,20.06,7.47,6.83,,247,1007,347,290,1.09,2.15,1.58,16.45,
S,32,N,13,33,32.7,1.18,22.82,21.6,9.83,5.8,,2.58,7.02,18.84,8.41,6.89,,225,1056,373,325,1.47,2.48,1.35,12.78,
S,33,N,43,38.6,41.8,1.42,34.72,32.48,9.14,9.28,,3.12,10.7,26.26,7.89,9.22,,224,1069,407,329,2.16,3.97,1.14,19.15,
S,34,N,30,39.8,35.3,1.23,26.57,25.89,10.47,9.01,,2.88,7.94,21.24,9.06,8.98,,235,1026,374,307,1.55,3.10,1.27,17.96,
S,35,N,24,35.2,32.2,1.3,20.74,20.11,11.97,7.05,,2.81,6.8,17.64,10.48,8.71,,205,1031,385,338,1.74,3.04,1.44,12.28,
T,1,N,30,39.7,35.8,1.28,28.84,28.4,9.01,5.93,,2.84,8.82,24.21,7.68,6.62,,227,1015,364,311,1.66,2.94,1.24,14.75,
T,2,N,19,36.7,36,1.4,23.21,22.71,8.29,9.33,,3.07,6.98,19.61,6.92,9.37,,233,1022,356,307,2.00,3.35,1.26,13.65,
T,3,N,15,37.5,36.8,1.4,24.62,23.42,8.37,6.78,,2.88,8.23,20.56,6.93,6.79,,199,1051,400,351,2.06,3.32,1.32,12.21,
T,4,N,45,40,41.8,1.34,29.32,27.93,8.88,8.14,,2.94,9.19,23.95,7.43,8.86,,219,1050,384,329,1.88,3.32,1.36,14.25,
T,5,N,15,39.6,43,1.34,25.11,23.3,9.43,4.49,,2.98,7.76,19.82,8.39,4.37,,224,1078,392,333,1.94,3.48,0.95,14.94,
T,6,N,45,21.3,19.8,,,,,,round,,,,,,,,,,,,,,,
T,7,N,15,46.8,48.5,1.38,38.46,36.3,9.21,5.52,,3.06,11.68,30.75,8.13,5.54,,229,1060,380,322,2.02,3.56,0.98,15.29,
T,8,N,25,41.5,46.7,1.28,27.66,25.64,9.02,9.13,,2.74,9.17,22.07,7.7,9.26,,202,1079,415,358,1.77,3.12,1.21,13.92,
T,9,N,24,39.5,35.4,1.22,22.5,21.1,8.53,4.79,,2.71,7.05,18.15,7.18,5.35,,219,1066,388,334,1.59,2.85,1.26,13.98,
T,10,N,45,42.1,36.9,1.24,27.3,26.09,8.74,9.32,,2.84,9.4,23.19,6.03,9.36,,190,1046,405,360,1.61,3.27,2.48,11.12,
T,11,N,30,39.6,34.7,1.19,22.77,23.06,8.48,8.81,,2.88,6.74,18.88,6.56,8.8,,238,987,357,292,1.40,2.96,1.76,18.13,
T,12,N,24,44.6,41.5,1.32,34.9,33.09,8.58,7.03,,2.94,11.07,28.9,7.4,7.74,,215,1055,383,335,1.84,3.31,1.11,12.66,
T,13,N,34,39.3,39.1,1.43,24.18,23.08,9.93,9.31,,3.26,7.44,19.34,8.12,9.32,,225,1048,385,322,2.14,4.09,1.64,16.20,
T,14,N,34,32.6,27.6,1.28,13.48,13,9.52,6.2,,2.84,4.1,10.79,7.88,7.7,,229,1037,380,315,1.70,3.06,1.62,17.00,
T,15,N,15,38.4,38.8,1.28,19.74,18.29,8.66,5.63,,2.95,6.01,15.91,7.62,6,,228,1079,378,329,1.77,3.29,0.96,13.01,
T,16,N,15,34.1,38,1.32,17.97,16.78,8.85,3.63,,2.86,5.54,14.14,7.9,4.4,,224,1071,392,330,1.87,3.20,0.90,15.73,
T,17,N,43,36.3,33.8,1.33,22.53,21.15,9.06,5.71,,2.71,7.08,17.03,7.3,7.54,,218,1065,416,335,1.88,3.05,1.82,19.48,
T,18,N,18,27.9,30.6,1.2,11.31,10.78,8.97,7.55,,2.64,3.68,8.98,6.93,9.27,,207,1049,410,341,1.51,2.86,2.06,16.70,
T,19,N,34,37.1,35.8,1.38,20.41,19.31,8.92,5.37,,2.99,6.25,16.7,7.55,6.32,,227,1057,374,324,2.01,3.35,1.31,13.52,
T,20,N,34,35,30,1.26,20.13,19.48,9.97,3.6,,2.63,6.65,16.93,8.46,4.87,,203,1033,393,341,1.64,2.72,1.45,13.09,
T,21,N,45,35.7,38.6,1.22,27.34,27.4,8.36,6.25,,2.61,9.72,23.97,6.17,7.76,,181,998,406,355,1.49,2.76,2.18,12.52,
T,22,N,18,40.1,42.4,1.4,29.74,28.56,9.03,6.48,,2.99,9.59,24.73,7.8,7.49,,210,1041,388,336,2.04,3.47,1.18,13.41,
T,23,N,20,33.3,33.4,1.26,20.41,18.93,8.64,4.69,,2.85,6.77,16.03,6.25,5.29,,201,1078,422,358,1.71,3.43,2.21,15.32,,,
T,24,N,36,40,38.5,1.24,22.22,21.38,9.23,7.02,,2.73,7.1,18.51,7.88,7.31,,213,1039,384,332,1.60,2.86,1.23,13.42,,,
T,25,N,15,38.3,42.1,1.24,36.16,33.63,11.41,5.19,,2.8,10.75,28.72,9.89,5.15,,236,1075,374,320,1.65,2.93,1.36,14.60,,,
T,26,N,23,42.9,43.5,1.26,32.81,30.68,9.15,5.19,,2.78,10.44,26.73,7.72,6.24,,214,1069,391,340,1.70,3.02,1.37,12.87,,,
T,27,N,30,42.4,36.7,1.2,28.03,27.72,8.71,5.69,,2.68,8.48,23.37,7.03,6.69,,231,1011,363,306,1.46,2.61,1.60,15.69,,,
T,28,N,36,39.2,37.1,1.19,22.52,22.01,8.76,3.46,,2.63,7.57,19.15,7.32,3.6,,197,1023,395,344,1.45,2.73,1.32,12.99,,,
T,29,N,45,44.1,41.6,1.24,29.08,27.64,8.77,8,,2.73,9.27,24.58,7.09,8.6,,214,1052,377,335,1.62,2.81,1.56,11.07,,,
T,30,N,37,39.5,39,1.51,35.45,33.14,8.17,9.15,,2.94,11.3,28.32,6.28,9.38,,214,1070,399,341,2.44,3.45,1.74,14.54,,,
T,31,N,28,38.6,41.2,1.22,32.91,31.71,8.49,6.6,,2.78,9.63,27.02,7.06,6.5,,242,1038,356,304,1.54,2.75,1.31,14.79,,,
T,32,N,19,32,37.5,1.34,20.79,21.24,9.48,5.51,,2.87,6.61,18.45,8.34,7.09,,215,979,358,311,1.76,2.95,1.17,13.14,,,
T,33,N,20,34.1,34.3,1.34,18,17.12,8.5,7.25,,2.94,5.79,14.57,6.96,8.53,,211,1051,397,338,1.89,3.43,1.52,14.89,,,
T,34,N,28,40.1,40.9,1.2,26.07,25.61,8.4,5.68,,2.71,8.01,22.06,6.96,5.23,,225,1018,363,313,1.47,2.67,1.33,13.86,,,
T,35,N,36,35.6,40.4,1.45,27.42,26.12,8.51,9.04,,2.99,8.63,22.3,6.77,9.28,,218,1050,387,330,2.21,3.46,1.60,14.62,,Mass (g) 100c,MC at 35c
Z,1,N,28,40.2,40.1,1.22,34.75,32.67,9.57,8.02,,2.7,11.37,27.53,7.16,9.14,,206,1064,413,348,1.58,3.01,2.27,15.73,,10.84,4.89
Z,2,N,36,34.2,34.3,1.24,25.23,24.45,8.32,9.16,,2.78,8.41,21.16,7.24,9.35,,200,1032,397,344,1.59,3.07,0.99,13.46,,8.03,4.73
Z,3,N,13,34.4,34.7,1.24,24.97,23.46,12.35,7.71,,2.89,7.38,19.16,10.51,8.4,,238,1064,385,315,1.64,3.22,1.65,18.33,,7.01,5.28
Z,4,N,31,37.4,36.1,1.43,29.53,27.46,10.82,9.24,,3.17,9.1,22.68,9.11,9.46,,225,1075,401,331,2.20,4.03,1.54,17.41,,8.65,5.20,,,,,
Z,5,N,28,39.2,42.5,1.22,26.22,25.4,7.98,4.71,,2.64,8.42,22.2,6.49,5.88,,211,1032,379,331,1.54,2.64,1.47,12.60,,8.02,4.99,,,,,
Z,6,N,18,39,37,1.34,26,25.61,8.13,7.17,,2.9,8.35,22.23,6.63,8.31,,211,1015,376,326,1.82,3.16,1.47,13.20,,7.96,4.90,,,,,
Z,7,N,30,41.1,38.2,1.09,19.46,18.75,12.36,4.2,,2.6,5.84,15.55,10.65,4.38,,233,1038,376,311,1.23,2.54,1.52,17.07,,5.56,5.04,,,,,
Z,8,N,30,37.7,32.6,1.19,19.81,19.75,8.99,6.44,,2.61,6.4,17.26,7.41,7.4,,210,1003,371,324,1.42,2.53,1.50,12.61,,6.08,5.26,,,,,
Z,9,N,45,38.6,41.6,1.12,32.92,31.14,10.09,1.52,,2.46,10.55,27.25,8.34,0.66,,212,1057,387,339,1.33,2.34,1.62,12.49,,10.06,4.87,,,,,
Z,11,N,41,40.1,39.6,1.28,28.9,26.63,11.45,5.2,,2.77,9.38,22.63,10,5.2,,208,1085,414,352,1.78,3.18,1.29,15.02,,8.96,4.69,,,,,
Z,13,N,13,39.7,34.9,1.07,17.99,17.52,10.21,4.6,,2.57,5.39,14.25,9,4.05,,234,1027,378,308,1.18,2.50,1.08,18.66,,,,,,,,
Z,14,N,13,31.3,30.4,1.2,12.98,13.6,10.5,5.53,,2.54,4.56,11.95,8.68,7.02,,185,954,382,335,1.37,2.46,1.75,12.13,,4.34,5.07,,,,,
Z,15,N,17,38,40.8,1.3,20.52,19.09,10.05,3.28,,2.73,6.93,16.32,9.32,3.1,,196,1075,425,363,1.82,3.16,0.66,14.51,,6.62,4.68,,,,,
Z,16,N,17,40,40.4,1.4,20.98,19.88,7.78,6.17,,2.92,7.11,17.24,7.11,6.3,,195,1055,412,358,2.07,3.52,0.62,13.28,,6.76,5.18,,,,,
Z,17,N,37,40.4,38.1,1.38,25.29,24.55,7.65,6.09,,2.92,8.61,21.47,6.93,6.87,,194,1030,401,351,1.96,3.42,0.71,12.55,,8.23,4.62,,,,,
Z,18,N,38,32.4,35,1.38,18.09,16.96,8.21,8.08,,2.92,6.12,14.67,7.41,9.18,,196,1067,417,361,2.03,3.56,0.81,13.50,,5.83,4.97,,,4.96,0.216268466,4.362161774
,,,,,,,,,,,,,,,,,,,,,,,,,,,,,,,,,
,,,,,,,,,,,,,,,,,,,,,,,,,,,,,,,,,
,,,,,,,,,,,,,,,,,,,,,,,,,,,,,,,,,